Email sent successfully to grocoder@gmail.com - https://pvamarkets.com/item/twitter-accounts-registered-in-2013-verified-by-emailoutlook-com-hotmail-com-email-included-in-the-set-may-require-confirmation-by-sms-male-or-female-partially-filled-profiles-2fa-in-the-set/ - 2025-01-02 11:56:00

Email sent successfully to josh@joshbrown.io - https://pvamarkets.com/item/twitter-accounts-registered-in-2013-verified-by-emailoutlook-com-hotmail-com-email-included-in-the-set-may-require-confirmation-by-sms-male-or-female-partially-filled-profiles-2fa-in-the-set/ - 2025-01-02 11:56:05

Email sent successfully to maricolaksham@gmail.com - https://pvamarkets.com/item/twitter-accounts-registered-in-2013-verified-by-emailoutlook-com-hotmail-com-email-included-in-the-set-may-require-confirmation-by-sms-male-or-female-partially-filled-profiles-2fa-in-the-set/ - 2025-01-02 11:56:09

Email sent successfully to office@streetfashioner.com - https://pvamarkets.com/item/twitter-accounts-registered-in-2013-verified-by-emailoutlook-com-hotmail-com-email-included-in-the-set-may-require-confirmation-by-sms-male-or-female-partially-filled-profiles-2fa-in-the-set/ - 2025-01-02 11:56:13

Email sent successfully to sobuz0349@gmail.com - https://pvamarkets.com/item/twitter-accounts-registered-in-2013-verified-by-emailoutlook-com-hotmail-com-email-included-in-the-set-may-require-confirmation-by-sms-male-or-female-partially-filled-profiles-2fa-in-the-set/ - 2025-01-02 11:56:17

Email sent successfully to 573480600@qq.com - https://pvamarkets.com/item/twitter-accounts-registered-in-2013-verified-by-emailoutlook-com-hotmail-com-email-included-in-the-set-may-require-confirmation-by-sms-male-or-female-partially-filled-profiles-2fa-in-the-set/ - 2025-01-02 14:24:58

Email sent successfully to 9270888088i@gmail.com - https://pvamarkets.com/item/twitter-accounts-registered-in-2013-verified-by-emailoutlook-com-hotmail-com-email-included-in-the-set-may-require-confirmation-by-sms-male-or-female-partially-filled-profiles-2fa-in-the-set/ - 2025-01-02 14:25:02

Email sent successfully to accounts@marvelec.com.au - https://pvamarkets.com/item/twitter-accounts-registered-in-2013-verified-by-emailoutlook-com-hotmail-com-email-included-in-the-set-may-require-confirmation-by-sms-male-or-female-partially-filled-profiles-2fa-in-the-set/ - 2025-01-02 14:25:06

Email sent successfully to admin@pvamarkets.com - https://pvamarkets.com/item/twitter-accounts-registered-in-2013-verified-by-emailoutlook-com-hotmail-com-email-included-in-the-set-may-require-confirmation-by-sms-male-or-female-partially-filled-profiles-2fa-in-the-set/ - 2025-01-02 14:25:11

Email sent successfully to ajayprabhakar74@gmail.com - https://pvamarkets.com/item/twitter-accounts-registered-in-2013-verified-by-emailoutlook-com-hotmail-com-email-included-in-the-set-may-require-confirmation-by-sms-male-or-female-partially-filled-profiles-2fa-in-the-set/ - 2025-01-02 14:25:15

Email sent successfully to akash001@gmail.com - https://pvamarkets.com/item/twitter-accounts-registered-in-2013-verified-by-emailoutlook-com-hotmail-com-email-included-in-the-set-may-require-confirmation-by-sms-male-or-female-partially-filled-profiles-2fa-in-the-set/ - 2025-01-02 14:25:19

Email sent successfully to albmoreg@gmail.com - https://pvamarkets.com/item/twitter-accounts-registered-in-2013-verified-by-emailoutlook-com-hotmail-com-email-included-in-the-set-may-require-confirmation-by-sms-male-or-female-partially-filled-profiles-2fa-in-the-set/ - 2025-01-02 14:25:23

Email sent successfully to aletxanderchantrellg@gmail.com - https://pvamarkets.com/item/twitter-accounts-registered-in-2013-verified-by-emailoutlook-com-hotmail-com-email-included-in-the-set-may-require-confirmation-by-sms-male-or-female-partially-filled-profiles-2fa-in-the-set/ - 2025-01-02 14:25:27

Email sent successfully to alikuttbutt@gmail.com - https://pvamarkets.com/item/twitter-accounts-registered-in-2013-verified-by-emailoutlook-com-hotmail-com-email-included-in-the-set-may-require-confirmation-by-sms-male-or-female-partially-filled-profiles-2fa-in-the-set/ - 2025-01-02 14:25:31

Email sent successfully to alisha@gmail.com - https://pvamarkets.com/item/twitter-accounts-registered-in-2013-verified-by-emailoutlook-com-hotmail-com-email-included-in-the-set-may-require-confirmation-by-sms-male-or-female-partially-filled-profiles-2fa-in-the-set/ - 2025-01-02 14:25:35

Email sent successfully to alisha2@gmail.com - https://pvamarkets.com/item/twitter-accounts-registered-in-2013-verified-by-emailoutlook-com-hotmail-com-email-included-in-the-set-may-require-confirmation-by-sms-male-or-female-partially-filled-profiles-2fa-in-the-set/ - 2025-01-02 14:25:39

Email sent successfully to alisha3@gmail.com - https://pvamarkets.com/item/twitter-accounts-registered-in-2013-verified-by-emailoutlook-com-hotmail-com-email-included-in-the-set-may-require-confirmation-by-sms-male-or-female-partially-filled-profiles-2fa-in-the-set/ - 2025-01-02 14:25:43

Email sent successfully to alisha4@gmail.com - https://pvamarkets.com/item/twitter-accounts-registered-in-2013-verified-by-emailoutlook-com-hotmail-com-email-included-in-the-set-may-require-confirmation-by-sms-male-or-female-partially-filled-profiles-2fa-in-the-set/ - 2025-01-02 14:25:48

Email sent successfully to alisha5@gmail.com - https://pvamarkets.com/item/twitter-accounts-registered-in-2013-verified-by-emailoutlook-com-hotmail-com-email-included-in-the-set-may-require-confirmation-by-sms-male-or-female-partially-filled-profiles-2fa-in-the-set/ - 2025-01-02 14:25:52

Email sent successfully to allexa.v.hernandez012@gmail.com - https://pvamarkets.com/item/twitter-accounts-registered-in-2013-verified-by-emailoutlook-com-hotmail-com-email-included-in-the-set-may-require-confirmation-by-sms-male-or-female-partially-filled-profiles-2fa-in-the-set/ - 2025-01-02 14:25:56

Email sent successfully to amandakbatt@gmail.com - https://pvamarkets.com/item/twitter-accounts-registered-in-2013-verified-by-emailoutlook-com-hotmail-com-email-included-in-the-set-may-require-confirmation-by-sms-male-or-female-partially-filled-profiles-2fa-in-the-set/ - 2025-01-02 14:26:00

Email sent successfully to amcinteer@gmail.com - https://pvamarkets.com/item/twitter-accounts-registered-in-2013-verified-by-emailoutlook-com-hotmail-com-email-included-in-the-set-may-require-confirmation-by-sms-male-or-female-partially-filled-profiles-2fa-in-the-set/ - 2025-01-02 14:26:04

Email sent successfully to amdvaio@gmail.com - https://pvamarkets.com/item/twitter-accounts-registered-in-2013-verified-by-emailoutlook-com-hotmail-com-email-included-in-the-set-may-require-confirmation-by-sms-male-or-female-partially-filled-profiles-2fa-in-the-set/ - 2025-01-02 14:26:08

Email sent successfully to amiapoptart@gmail.com - https://pvamarkets.com/item/twitter-accounts-registered-in-2013-verified-by-emailoutlook-com-hotmail-com-email-included-in-the-set-may-require-confirmation-by-sms-male-or-female-partially-filled-profiles-2fa-in-the-set/ - 2025-01-02 14:26:12

Email sent successfully to amomcilovic@atlanticacontractors.ca - https://pvamarkets.com/item/twitter-accounts-registered-in-2013-verified-by-emailoutlook-com-hotmail-com-email-included-in-the-set-may-require-confirmation-by-sms-male-or-female-partially-filled-profiles-2fa-in-the-set/ - 2025-01-02 14:26:16

Email sent successfully to angelofthemorning@gmail.com - https://pvamarkets.com/item/twitter-accounts-registered-in-2013-verified-by-emailoutlook-com-hotmail-com-email-included-in-the-set-may-require-confirmation-by-sms-male-or-female-partially-filled-profiles-2fa-in-the-set/ - 2025-01-02 14:26:20

Email sent successfully to angiloghioto@yahoo.com - https://pvamarkets.com/item/twitter-accounts-registered-in-2013-verified-by-emailoutlook-com-hotmail-com-email-included-in-the-set-may-require-confirmation-by-sms-male-or-female-partially-filled-profiles-2fa-in-the-set/ - 2025-01-02 14:26:24

Email sent successfully to april.petrini@gmail.com - https://pvamarkets.com/item/twitter-accounts-registered-in-2013-verified-by-emailoutlook-com-hotmail-com-email-included-in-the-set-may-require-confirmation-by-sms-male-or-female-partially-filled-profiles-2fa-in-the-set/ - 2025-01-02 14:26:29

Email sent successfully to aprilhorne624@gmail.com - https://pvamarkets.com/item/twitter-accounts-registered-in-2013-verified-by-emailoutlook-com-hotmail-com-email-included-in-the-set-may-require-confirmation-by-sms-male-or-female-partially-filled-profiles-2fa-in-the-set/ - 2025-01-02 14:26:33

Email sent successfully to arreolakatheleen@gmail.com - https://pvamarkets.com/item/twitter-accounts-registered-in-2013-verified-by-emailoutlook-com-hotmail-com-email-included-in-the-set-may-require-confirmation-by-sms-male-or-female-partially-filled-profiles-2fa-in-the-set/ - 2025-01-02 14:26:37

Email sent successfully to aryanasodha7@gmail.com - https://pvamarkets.com/item/twitter-accounts-registered-in-2013-verified-by-emailoutlook-com-hotmail-com-email-included-in-the-set-may-require-confirmation-by-sms-male-or-female-partially-filled-profiles-2fa-in-the-set/ - 2025-01-02 14:26:41

Email sent successfully to asap30@protonmail.com - https://pvamarkets.com/item/twitter-accounts-registered-in-2013-verified-by-emailoutlook-com-hotmail-com-email-included-in-the-set-may-require-confirmation-by-sms-male-or-female-partially-filled-profiles-2fa-in-the-set/ - 2025-01-02 14:26:45

Email sent successfully to ashforbes2@gmail.com - https://pvamarkets.com/item/twitter-accounts-registered-in-2013-verified-by-emailoutlook-com-hotmail-com-email-included-in-the-set-may-require-confirmation-by-sms-male-or-female-partially-filled-profiles-2fa-in-the-set/ - 2025-01-02 14:26:49

Email sent successfully to atwerksum@gmail.com - https://pvamarkets.com/item/twitter-accounts-registered-in-2013-verified-by-emailoutlook-com-hotmail-com-email-included-in-the-set-may-require-confirmation-by-sms-male-or-female-partially-filled-profiles-2fa-in-the-set/ - 2025-01-02 14:26:53

Email sent successfully to avishekjodder3@gmail.com - https://pvamarkets.com/item/twitter-accounts-registered-in-2013-verified-by-emailoutlook-com-hotmail-com-email-included-in-the-set-may-require-confirmation-by-sms-male-or-female-partially-filled-profiles-2fa-in-the-set/ - 2025-01-02 14:26:57

Email sent successfully to awskhaldoon@gmail.com - https://pvamarkets.com/item/twitter-accounts-registered-in-2013-verified-by-emailoutlook-com-hotmail-com-email-included-in-the-set-may-require-confirmation-by-sms-male-or-female-partially-filled-profiles-2fa-in-the-set/ - 2025-01-02 14:27:01

Email sent successfully to awynner@msn.com - https://pvamarkets.com/item/twitter-accounts-registered-in-2013-verified-by-emailoutlook-com-hotmail-com-email-included-in-the-set-may-require-confirmation-by-sms-male-or-female-partially-filled-profiles-2fa-in-the-set/ - 2025-01-02 14:27:06

Email sent successfully to bdoore.kamal@gmail.com - https://pvamarkets.com/item/twitter-accounts-registered-in-2013-verified-by-emailoutlook-com-hotmail-com-email-included-in-the-set-may-require-confirmation-by-sms-male-or-female-partially-filled-profiles-2fa-in-the-set/ - 2025-01-02 14:27:10

Email sent successfully to belmokhtary1@gmail.com - https://pvamarkets.com/item/twitter-accounts-registered-in-2013-verified-by-emailoutlook-com-hotmail-com-email-included-in-the-set-may-require-confirmation-by-sms-male-or-female-partially-filled-profiles-2fa-in-the-set/ - 2025-01-02 14:27:14

Email sent successfully to bendernoelle@gmail.com - https://pvamarkets.com/item/twitter-accounts-registered-in-2013-verified-by-emailoutlook-com-hotmail-com-email-included-in-the-set-may-require-confirmation-by-sms-male-or-female-partially-filled-profiles-2fa-in-the-set/ - 2025-01-02 14:27:18

Email sent successfully to beranda.lopez@gmail.com - https://pvamarkets.com/item/twitter-accounts-registered-in-2013-verified-by-emailoutlook-com-hotmail-com-email-included-in-the-set-may-require-confirmation-by-sms-male-or-female-partially-filled-profiles-2fa-in-the-set/ - 2025-01-02 14:27:22

Email sent successfully to berberjin1981nm1121@gmail.com - https://pvamarkets.com/item/twitter-accounts-registered-in-2013-verified-by-emailoutlook-com-hotmail-com-email-included-in-the-set-may-require-confirmation-by-sms-male-or-female-partially-filled-profiles-2fa-in-the-set/ - 2025-01-02 14:27:26

Email sent successfully to beverlydanae@gmail.com - https://pvamarkets.com/item/twitter-accounts-registered-in-2013-verified-by-emailoutlook-com-hotmail-com-email-included-in-the-set-may-require-confirmation-by-sms-male-or-female-partially-filled-profiles-2fa-in-the-set/ - 2025-01-02 14:27:30

Email sent successfully to bimal@gmail.com - https://pvamarkets.com/item/twitter-accounts-registered-in-2013-verified-by-emailoutlook-com-hotmail-com-email-included-in-the-set-may-require-confirmation-by-sms-male-or-female-partially-filled-profiles-2fa-in-the-set/ - 2025-01-02 14:27:34

Email sent successfully to blattman.seth@gmail.com - https://pvamarkets.com/item/twitter-accounts-registered-in-2013-verified-by-emailoutlook-com-hotmail-com-email-included-in-the-set-may-require-confirmation-by-sms-male-or-female-partially-filled-profiles-2fa-in-the-set/ - 2025-01-02 14:27:38

Email sent successfully to blynd15@gmail.com - https://pvamarkets.com/item/twitter-accounts-registered-in-2013-verified-by-emailoutlook-com-hotmail-com-email-included-in-the-set-may-require-confirmation-by-sms-male-or-female-partially-filled-profiles-2fa-in-the-set/ - 2025-01-02 14:27:42

Email sent successfully to bolarinwaayomide88@gmail.com - https://pvamarkets.com/item/twitter-accounts-registered-in-2013-verified-by-emailoutlook-com-hotmail-com-email-included-in-the-set-may-require-confirmation-by-sms-male-or-female-partially-filled-profiles-2fa-in-the-set/ - 2025-01-02 14:27:46

Email sent successfully to boten7x@gmail.com - https://pvamarkets.com/item/twitter-accounts-registered-in-2013-verified-by-emailoutlook-com-hotmail-com-email-included-in-the-set-may-require-confirmation-by-sms-male-or-female-partially-filled-profiles-2fa-in-the-set/ - 2025-01-02 14:27:51

Email sent successfully to brent.ladonna@gmail.com - https://pvamarkets.com/item/twitter-accounts-registered-in-2013-verified-by-emailoutlook-com-hotmail-com-email-included-in-the-set-may-require-confirmation-by-sms-male-or-female-partially-filled-profiles-2fa-in-the-set/ - 2025-01-02 14:27:55

Email sent successfully to brian.terrana@abm.com - https://pvamarkets.com/item/twitter-accounts-registered-in-2013-verified-by-emailoutlook-com-hotmail-com-email-included-in-the-set-may-require-confirmation-by-sms-male-or-female-partially-filled-profiles-2fa-in-the-set/ - 2025-01-02 14:27:59

Email sent successfully to brichardson@shomepower.com - https://pvamarkets.com/item/twitter-accounts-registered-in-2013-verified-by-emailoutlook-com-hotmail-com-email-included-in-the-set-may-require-confirmation-by-sms-male-or-female-partially-filled-profiles-2fa-in-the-set/ - 2025-01-02 14:28:03

Email sent successfully to btm202@gmail.com - https://pvamarkets.com/item/twitter-accounts-registered-in-2013-verified-by-emailoutlook-com-hotmail-com-email-included-in-the-set-may-require-confirmation-by-sms-male-or-female-partially-filled-profiles-2fa-in-the-set/ - 2025-01-02 14:28:07

Email sent successfully to bulgcj@gmail.com - https://pvamarkets.com/item/twitter-accounts-registered-in-2013-verified-by-emailoutlook-com-hotmail-com-email-included-in-the-set-may-require-confirmation-by-sms-male-or-female-partially-filled-profiles-2fa-in-the-set/ - 2025-01-02 14:28:11

Email sent successfully to calvin-g-smith@hotmail.com - https://pvamarkets.com/item/twitter-accounts-registered-in-2013-verified-by-emailoutlook-com-hotmail-com-email-included-in-the-set-may-require-confirmation-by-sms-male-or-female-partially-filled-profiles-2fa-in-the-set/ - 2025-01-02 14:28:15

Email sent successfully to casalta.marklee@gmail.com - https://pvamarkets.com/item/twitter-accounts-registered-in-2013-verified-by-emailoutlook-com-hotmail-com-email-included-in-the-set-may-require-confirmation-by-sms-male-or-female-partially-filled-profiles-2fa-in-the-set/ - 2025-01-02 14:28:19

Email sent successfully to cdunne06@gmail.com - https://pvamarkets.com/item/twitter-accounts-registered-in-2013-verified-by-emailoutlook-com-hotmail-com-email-included-in-the-set-may-require-confirmation-by-sms-male-or-female-partially-filled-profiles-2fa-in-the-set/ - 2025-01-02 14:28:23

Email sent successfully to ceddy71@live.com - https://pvamarkets.com/item/twitter-accounts-registered-in-2013-verified-by-emailoutlook-com-hotmail-com-email-included-in-the-set-may-require-confirmation-by-sms-male-or-female-partially-filled-profiles-2fa-in-the-set/ - 2025-01-02 14:28:27

Email sent successfully to cgcameron0@gmail.com - https://pvamarkets.com/item/twitter-accounts-registered-in-2013-verified-by-emailoutlook-com-hotmail-com-email-included-in-the-set-may-require-confirmation-by-sms-male-or-female-partially-filled-profiles-2fa-in-the-set/ - 2025-01-02 14:28:32

Email sent successfully to charkaouiouail@gmail.com - https://pvamarkets.com/item/twitter-accounts-registered-in-2013-verified-by-emailoutlook-com-hotmail-com-email-included-in-the-set-may-require-confirmation-by-sms-male-or-female-partially-filled-profiles-2fa-in-the-set/ - 2025-01-02 14:28:36

Email sent successfully to charlotte.newman54@gmail.com - https://pvamarkets.com/item/twitter-accounts-registered-in-2013-verified-by-emailoutlook-com-hotmail-com-email-included-in-the-set-may-require-confirmation-by-sms-male-or-female-partially-filled-profiles-2fa-in-the-set/ - 2025-01-02 14:28:40

Email sent successfully to charlottetamar20@gmail.com - https://pvamarkets.com/item/twitter-accounts-registered-in-2013-verified-by-emailoutlook-com-hotmail-com-email-included-in-the-set-may-require-confirmation-by-sms-male-or-female-partially-filled-profiles-2fa-in-the-set/ - 2025-01-02 14:28:44

Email sent successfully to chelseahoward1999@icloud.com - https://pvamarkets.com/item/twitter-accounts-registered-in-2013-verified-by-emailoutlook-com-hotmail-com-email-included-in-the-set-may-require-confirmation-by-sms-male-or-female-partially-filled-profiles-2fa-in-the-set/ - 2025-01-02 14:28:48

Email sent successfully to ChrisHiggins1985@proton.me - https://pvamarkets.com/item/twitter-accounts-registered-in-2013-verified-by-emailoutlook-com-hotmail-com-email-included-in-the-set-may-require-confirmation-by-sms-male-or-female-partially-filled-profiles-2fa-in-the-set/ - 2025-01-02 14:28:52

Email sent successfully to cjennyle@gmail.com - https://pvamarkets.com/item/twitter-accounts-registered-in-2013-verified-by-emailoutlook-com-hotmail-com-email-included-in-the-set-may-require-confirmation-by-sms-male-or-female-partially-filled-profiles-2fa-in-the-set/ - 2025-01-02 14:28:56

Email sent successfully to 573480600@qq.com - https://pvamarkets.com/item/twitter-accounts-registered-in-2013-verified-by-emailoutlook-com-hotmail-com-email-included-in-the-set-may-require-confirmation-by-sms-male-or-female-partially-filled-profiles-2fa-in-the-set/ - 2025-01-02 14:47:29

Email sent successfully to 9270888088i@gmail.com - https://pvamarkets.com/item/twitter-accounts-registered-in-2013-verified-by-emailoutlook-com-hotmail-com-email-included-in-the-set-may-require-confirmation-by-sms-male-or-female-partially-filled-profiles-2fa-in-the-set/ - 2025-01-02 14:47:33

Email sent successfully to accounts@marvelec.com.au - https://pvamarkets.com/item/twitter-accounts-registered-in-2013-verified-by-emailoutlook-com-hotmail-com-email-included-in-the-set-may-require-confirmation-by-sms-male-or-female-partially-filled-profiles-2fa-in-the-set/ - 2025-01-02 14:47:37

Email sent successfully to admin@pvamarkets.com - https://pvamarkets.com/item/twitter-accounts-registered-in-2013-verified-by-emailoutlook-com-hotmail-com-email-included-in-the-set-may-require-confirmation-by-sms-male-or-female-partially-filled-profiles-2fa-in-the-set/ - 2025-01-02 14:47:41

Email sent successfully to ajayprabhakar74@gmail.com - https://pvamarkets.com/item/twitter-accounts-registered-in-2013-verified-by-emailoutlook-com-hotmail-com-email-included-in-the-set-may-require-confirmation-by-sms-male-or-female-partially-filled-profiles-2fa-in-the-set/ - 2025-01-02 14:47:45

Email sent successfully to akash001@gmail.com - https://pvamarkets.com/item/twitter-accounts-registered-in-2013-verified-by-emailoutlook-com-hotmail-com-email-included-in-the-set-may-require-confirmation-by-sms-male-or-female-partially-filled-profiles-2fa-in-the-set/ - 2025-01-02 14:47:49

Email sent successfully to albmoreg@gmail.com - https://pvamarkets.com/item/twitter-accounts-registered-in-2013-verified-by-emailoutlook-com-hotmail-com-email-included-in-the-set-may-require-confirmation-by-sms-male-or-female-partially-filled-profiles-2fa-in-the-set/ - 2025-01-02 14:47:53

Email sent successfully to aletxanderchantrellg@gmail.com - https://pvamarkets.com/item/twitter-accounts-registered-in-2013-verified-by-emailoutlook-com-hotmail-com-email-included-in-the-set-may-require-confirmation-by-sms-male-or-female-partially-filled-profiles-2fa-in-the-set/ - 2025-01-02 14:47:58

Email sent successfully to alikuttbutt@gmail.com - https://pvamarkets.com/item/twitter-accounts-registered-in-2013-verified-by-emailoutlook-com-hotmail-com-email-included-in-the-set-may-require-confirmation-by-sms-male-or-female-partially-filled-profiles-2fa-in-the-set/ - 2025-01-02 14:48:02

Email sent successfully to alisha@gmail.com - https://pvamarkets.com/item/twitter-accounts-registered-in-2013-verified-by-emailoutlook-com-hotmail-com-email-included-in-the-set-may-require-confirmation-by-sms-male-or-female-partially-filled-profiles-2fa-in-the-set/ - 2025-01-02 14:48:06

Email sent successfully to alisha2@gmail.com - https://pvamarkets.com/item/twitter-accounts-registered-in-2013-verified-by-emailoutlook-com-hotmail-com-email-included-in-the-set-may-require-confirmation-by-sms-male-or-female-partially-filled-profiles-2fa-in-the-set/ - 2025-01-02 14:48:10

Email sent successfully to alisha3@gmail.com - https://pvamarkets.com/item/twitter-accounts-registered-in-2013-verified-by-emailoutlook-com-hotmail-com-email-included-in-the-set-may-require-confirmation-by-sms-male-or-female-partially-filled-profiles-2fa-in-the-set/ - 2025-01-02 14:48:14

Email sent successfully to alisha4@gmail.com - https://pvamarkets.com/item/twitter-accounts-registered-in-2013-verified-by-emailoutlook-com-hotmail-com-email-included-in-the-set-may-require-confirmation-by-sms-male-or-female-partially-filled-profiles-2fa-in-the-set/ - 2025-01-02 14:48:18

Email sent successfully to alisha5@gmail.com - https://pvamarkets.com/item/twitter-accounts-registered-in-2013-verified-by-emailoutlook-com-hotmail-com-email-included-in-the-set-may-require-confirmation-by-sms-male-or-female-partially-filled-profiles-2fa-in-the-set/ - 2025-01-02 14:48:22

Email sent successfully to allexa.v.hernandez012@gmail.com - https://pvamarkets.com/item/twitter-accounts-registered-in-2013-verified-by-emailoutlook-com-hotmail-com-email-included-in-the-set-may-require-confirmation-by-sms-male-or-female-partially-filled-profiles-2fa-in-the-set/ - 2025-01-02 14:48:26

Email sent successfully to amandakbatt@gmail.com - https://pvamarkets.com/item/twitter-accounts-registered-in-2013-verified-by-emailoutlook-com-hotmail-com-email-included-in-the-set-may-require-confirmation-by-sms-male-or-female-partially-filled-profiles-2fa-in-the-set/ - 2025-01-02 14:48:30

Email sent successfully to amcinteer@gmail.com - https://pvamarkets.com/item/twitter-accounts-registered-in-2013-verified-by-emailoutlook-com-hotmail-com-email-included-in-the-set-may-require-confirmation-by-sms-male-or-female-partially-filled-profiles-2fa-in-the-set/ - 2025-01-02 14:48:34

Email sent successfully to amdvaio@gmail.com - https://pvamarkets.com/item/twitter-accounts-registered-in-2013-verified-by-emailoutlook-com-hotmail-com-email-included-in-the-set-may-require-confirmation-by-sms-male-or-female-partially-filled-profiles-2fa-in-the-set/ - 2025-01-02 14:48:39

Email sent successfully to amiapoptart@gmail.com - https://pvamarkets.com/item/twitter-accounts-registered-in-2013-verified-by-emailoutlook-com-hotmail-com-email-included-in-the-set-may-require-confirmation-by-sms-male-or-female-partially-filled-profiles-2fa-in-the-set/ - 2025-01-02 14:48:43

Email sent successfully to amomcilovic@atlanticacontractors.ca - https://pvamarkets.com/item/twitter-accounts-registered-in-2013-verified-by-emailoutlook-com-hotmail-com-email-included-in-the-set-may-require-confirmation-by-sms-male-or-female-partially-filled-profiles-2fa-in-the-set/ - 2025-01-02 14:48:47

Email sent successfully to angelofthemorning@gmail.com - https://pvamarkets.com/item/twitter-accounts-registered-in-2013-verified-by-emailoutlook-com-hotmail-com-email-included-in-the-set-may-require-confirmation-by-sms-male-or-female-partially-filled-profiles-2fa-in-the-set/ - 2025-01-02 14:48:51

Email sent successfully to angiloghioto@yahoo.com - https://pvamarkets.com/item/twitter-accounts-registered-in-2013-verified-by-emailoutlook-com-hotmail-com-email-included-in-the-set-may-require-confirmation-by-sms-male-or-female-partially-filled-profiles-2fa-in-the-set/ - 2025-01-02 14:48:55

Email sent successfully to april.petrini@gmail.com - https://pvamarkets.com/item/twitter-accounts-registered-in-2013-verified-by-emailoutlook-com-hotmail-com-email-included-in-the-set-may-require-confirmation-by-sms-male-or-female-partially-filled-profiles-2fa-in-the-set/ - 2025-01-02 14:48:59

Email sent successfully to aprilhorne624@gmail.com - https://pvamarkets.com/item/twitter-accounts-registered-in-2013-verified-by-emailoutlook-com-hotmail-com-email-included-in-the-set-may-require-confirmation-by-sms-male-or-female-partially-filled-profiles-2fa-in-the-set/ - 2025-01-02 14:49:03

Email sent successfully to arreolakatheleen@gmail.com - https://pvamarkets.com/item/twitter-accounts-registered-in-2013-verified-by-emailoutlook-com-hotmail-com-email-included-in-the-set-may-require-confirmation-by-sms-male-or-female-partially-filled-profiles-2fa-in-the-set/ - 2025-01-02 14:49:07

Email sent successfully to aryanasodha7@gmail.com - https://pvamarkets.com/item/twitter-accounts-registered-in-2013-verified-by-emailoutlook-com-hotmail-com-email-included-in-the-set-may-require-confirmation-by-sms-male-or-female-partially-filled-profiles-2fa-in-the-set/ - 2025-01-02 14:49:11

Email sent successfully to asap30@protonmail.com - https://pvamarkets.com/item/twitter-accounts-registered-in-2013-verified-by-emailoutlook-com-hotmail-com-email-included-in-the-set-may-require-confirmation-by-sms-male-or-female-partially-filled-profiles-2fa-in-the-set/ - 2025-01-02 14:49:15

Email sent successfully to ashforbes2@gmail.com - https://pvamarkets.com/item/twitter-accounts-registered-in-2013-verified-by-emailoutlook-com-hotmail-com-email-included-in-the-set-may-require-confirmation-by-sms-male-or-female-partially-filled-profiles-2fa-in-the-set/ - 2025-01-02 14:49:19

Email sent successfully to atwerksum@gmail.com - https://pvamarkets.com/item/twitter-accounts-registered-in-2013-verified-by-emailoutlook-com-hotmail-com-email-included-in-the-set-may-require-confirmation-by-sms-male-or-female-partially-filled-profiles-2fa-in-the-set/ - 2025-01-02 14:49:23

Email sent successfully to avishekjodder3@gmail.com - https://pvamarkets.com/item/twitter-accounts-registered-in-2013-verified-by-emailoutlook-com-hotmail-com-email-included-in-the-set-may-require-confirmation-by-sms-male-or-female-partially-filled-profiles-2fa-in-the-set/ - 2025-01-02 14:49:27

Email sent successfully to awskhaldoon@gmail.com - https://pvamarkets.com/item/twitter-accounts-registered-in-2013-verified-by-emailoutlook-com-hotmail-com-email-included-in-the-set-may-require-confirmation-by-sms-male-or-female-partially-filled-profiles-2fa-in-the-set/ - 2025-01-02 14:49:32

Email sent successfully to awynner@msn.com - https://pvamarkets.com/item/twitter-accounts-registered-in-2013-verified-by-emailoutlook-com-hotmail-com-email-included-in-the-set-may-require-confirmation-by-sms-male-or-female-partially-filled-profiles-2fa-in-the-set/ - 2025-01-02 14:49:36

Email sent successfully to bdoore.kamal@gmail.com - https://pvamarkets.com/item/twitter-accounts-registered-in-2013-verified-by-emailoutlook-com-hotmail-com-email-included-in-the-set-may-require-confirmation-by-sms-male-or-female-partially-filled-profiles-2fa-in-the-set/ - 2025-01-02 14:49:40

Email sent successfully to belmokhtary1@gmail.com - https://pvamarkets.com/item/twitter-accounts-registered-in-2013-verified-by-emailoutlook-com-hotmail-com-email-included-in-the-set-may-require-confirmation-by-sms-male-or-female-partially-filled-profiles-2fa-in-the-set/ - 2025-01-02 14:49:44

Email sent successfully to bendernoelle@gmail.com - https://pvamarkets.com/item/twitter-accounts-registered-in-2013-verified-by-emailoutlook-com-hotmail-com-email-included-in-the-set-may-require-confirmation-by-sms-male-or-female-partially-filled-profiles-2fa-in-the-set/ - 2025-01-02 14:49:48

Email sent successfully to beranda.lopez@gmail.com - https://pvamarkets.com/item/twitter-accounts-registered-in-2013-verified-by-emailoutlook-com-hotmail-com-email-included-in-the-set-may-require-confirmation-by-sms-male-or-female-partially-filled-profiles-2fa-in-the-set/ - 2025-01-02 14:49:52

Email sent successfully to berberjin1981nm1121@gmail.com - https://pvamarkets.com/item/twitter-accounts-registered-in-2013-verified-by-emailoutlook-com-hotmail-com-email-included-in-the-set-may-require-confirmation-by-sms-male-or-female-partially-filled-profiles-2fa-in-the-set/ - 2025-01-02 14:49:56

Email sent successfully to beverlydanae@gmail.com - https://pvamarkets.com/item/twitter-accounts-registered-in-2013-verified-by-emailoutlook-com-hotmail-com-email-included-in-the-set-may-require-confirmation-by-sms-male-or-female-partially-filled-profiles-2fa-in-the-set/ - 2025-01-02 14:50:00

Email sent successfully to bimal@gmail.com - https://pvamarkets.com/item/twitter-accounts-registered-in-2013-verified-by-emailoutlook-com-hotmail-com-email-included-in-the-set-may-require-confirmation-by-sms-male-or-female-partially-filled-profiles-2fa-in-the-set/ - 2025-01-02 14:50:04

Email sent successfully to blattman.seth@gmail.com - https://pvamarkets.com/item/twitter-accounts-registered-in-2013-verified-by-emailoutlook-com-hotmail-com-email-included-in-the-set-may-require-confirmation-by-sms-male-or-female-partially-filled-profiles-2fa-in-the-set/ - 2025-01-02 14:50:08

Email sent successfully to blynd15@gmail.com - https://pvamarkets.com/item/twitter-accounts-registered-in-2013-verified-by-emailoutlook-com-hotmail-com-email-included-in-the-set-may-require-confirmation-by-sms-male-or-female-partially-filled-profiles-2fa-in-the-set/ - 2025-01-02 14:50:13

Email sent successfully to bolarinwaayomide88@gmail.com - https://pvamarkets.com/item/twitter-accounts-registered-in-2013-verified-by-emailoutlook-com-hotmail-com-email-included-in-the-set-may-require-confirmation-by-sms-male-or-female-partially-filled-profiles-2fa-in-the-set/ - 2025-01-02 14:50:17

Email sent successfully to boten7x@gmail.com - https://pvamarkets.com/item/twitter-accounts-registered-in-2013-verified-by-emailoutlook-com-hotmail-com-email-included-in-the-set-may-require-confirmation-by-sms-male-or-female-partially-filled-profiles-2fa-in-the-set/ - 2025-01-02 14:50:21

Email sent successfully to brent.ladonna@gmail.com - https://pvamarkets.com/item/twitter-accounts-registered-in-2013-verified-by-emailoutlook-com-hotmail-com-email-included-in-the-set-may-require-confirmation-by-sms-male-or-female-partially-filled-profiles-2fa-in-the-set/ - 2025-01-02 14:50:25

Email sent successfully to btm202@gmail.com - https://pvamarkets.com/item/twitter-accounts-registered-in-2013-verified-by-emailoutlook-com-hotmail-com-email-included-in-the-set-may-require-confirmation-by-sms-male-or-female-partially-filled-profiles-2fa-in-the-set/ - 2025-01-02 14:50:29

Email sent successfully to calvin-g-smith@hotmail.com - https://pvamarkets.com/item/twitter-accounts-registered-in-2013-verified-by-emailoutlook-com-hotmail-com-email-included-in-the-set-may-require-confirmation-by-sms-male-or-female-partially-filled-profiles-2fa-in-the-set/ - 2025-01-02 14:50:33

Email sent successfully to casalta.marklee@gmail.com - https://pvamarkets.com/item/twitter-accounts-registered-in-2013-verified-by-emailoutlook-com-hotmail-com-email-included-in-the-set-may-require-confirmation-by-sms-male-or-female-partially-filled-profiles-2fa-in-the-set/ - 2025-01-02 14:50:37

Email sent successfully to cdunne06@gmail.com - https://pvamarkets.com/item/twitter-accounts-registered-in-2013-verified-by-emailoutlook-com-hotmail-com-email-included-in-the-set-may-require-confirmation-by-sms-male-or-female-partially-filled-profiles-2fa-in-the-set/ - 2025-01-02 14:50:41

Email sent successfully to ceddy71@live.com - https://pvamarkets.com/item/twitter-accounts-registered-in-2013-verified-by-emailoutlook-com-hotmail-com-email-included-in-the-set-may-require-confirmation-by-sms-male-or-female-partially-filled-profiles-2fa-in-the-set/ - 2025-01-02 14:50:45

Email sent successfully to cgcameron0@gmail.com - https://pvamarkets.com/item/twitter-accounts-registered-in-2013-verified-by-emailoutlook-com-hotmail-com-email-included-in-the-set-may-require-confirmation-by-sms-male-or-female-partially-filled-profiles-2fa-in-the-set/ - 2025-01-02 14:50:49

Email sent successfully to charkaouiouail@gmail.com - https://pvamarkets.com/item/twitter-accounts-registered-in-2013-verified-by-emailoutlook-com-hotmail-com-email-included-in-the-set-may-require-confirmation-by-sms-male-or-female-partially-filled-profiles-2fa-in-the-set/ - 2025-01-02 14:50:53

Email sent successfully to charlotte.newman54@gmail.com - https://pvamarkets.com/item/twitter-accounts-registered-in-2013-verified-by-emailoutlook-com-hotmail-com-email-included-in-the-set-may-require-confirmation-by-sms-male-or-female-partially-filled-profiles-2fa-in-the-set/ - 2025-01-02 14:50:57

Email sent successfully to charlottetamar20@gmail.com - https://pvamarkets.com/item/twitter-accounts-registered-in-2013-verified-by-emailoutlook-com-hotmail-com-email-included-in-the-set-may-require-confirmation-by-sms-male-or-female-partially-filled-profiles-2fa-in-the-set/ - 2025-01-02 14:51:01

Email sent successfully to chelseahoward1999@icloud.com - https://pvamarkets.com/item/twitter-accounts-registered-in-2013-verified-by-emailoutlook-com-hotmail-com-email-included-in-the-set-may-require-confirmation-by-sms-male-or-female-partially-filled-profiles-2fa-in-the-set/ - 2025-01-02 14:51:06

Email sent successfully to ChrisHiggins1985@proton.me - https://pvamarkets.com/item/twitter-accounts-registered-in-2013-verified-by-emailoutlook-com-hotmail-com-email-included-in-the-set-may-require-confirmation-by-sms-male-or-female-partially-filled-profiles-2fa-in-the-set/ - 2025-01-02 14:51:10

Email sent successfully to cjennyle@gmail.com - https://pvamarkets.com/item/twitter-accounts-registered-in-2013-verified-by-emailoutlook-com-hotmail-com-email-included-in-the-set-may-require-confirmation-by-sms-male-or-female-partially-filled-profiles-2fa-in-the-set/ - 2025-01-02 14:51:14

Email sent successfully to clarkkloe999@gmail.com - https://pvamarkets.com/item/twitter-accounts-registered-in-2013-verified-by-emailoutlook-com-hotmail-com-email-included-in-the-set-may-require-confirmation-by-sms-male-or-female-partially-filled-profiles-2fa-in-the-set/ - 2025-01-02 14:51:18

Email sent successfully to claurodrigonza@gmail.com - https://pvamarkets.com/item/twitter-accounts-registered-in-2013-verified-by-emailoutlook-com-hotmail-com-email-included-in-the-set-may-require-confirmation-by-sms-male-or-female-partially-filled-profiles-2fa-in-the-set/ - 2025-01-02 14:51:22

Email sent successfully to colangnau@web.de - https://pvamarkets.com/item/twitter-accounts-registered-in-2013-verified-by-emailoutlook-com-hotmail-com-email-included-in-the-set-may-require-confirmation-by-sms-male-or-female-partially-filled-profiles-2fa-in-the-set/ - 2025-01-02 14:51:26

Email sent successfully to 573480600@qq.com - https://pvamarkets.com/item/twitter-accounts-registered-in-2013-verified-by-emailoutlook-com-hotmail-com-email-included-in-the-set-may-require-confirmation-by-sms-male-or-female-partially-filled-profiles-2fa-in-the-set/ - 2025-01-04 09:05:08

Email sent successfully to 9270888088i@gmail.com - https://pvamarkets.com/item/twitter-accounts-registered-in-2013-verified-by-emailoutlook-com-hotmail-com-email-included-in-the-set-may-require-confirmation-by-sms-male-or-female-partially-filled-profiles-2fa-in-the-set/ - 2025-01-04 09:05:12

Email sent successfully to accounts@marvelec.com.au - https://pvamarkets.com/item/twitter-accounts-registered-in-2013-verified-by-emailoutlook-com-hotmail-com-email-included-in-the-set-may-require-confirmation-by-sms-male-or-female-partially-filled-profiles-2fa-in-the-set/ - 2025-01-04 09:05:16

Email sent successfully to admin@pvamarkets.com - https://pvamarkets.com/item/twitter-accounts-registered-in-2013-verified-by-emailoutlook-com-hotmail-com-email-included-in-the-set-may-require-confirmation-by-sms-male-or-female-partially-filled-profiles-2fa-in-the-set/ - 2025-01-04 09:05:21

Email sent successfully to ajayprabhakar74@gmail.com - https://pvamarkets.com/item/twitter-accounts-registered-in-2013-verified-by-emailoutlook-com-hotmail-com-email-included-in-the-set-may-require-confirmation-by-sms-male-or-female-partially-filled-profiles-2fa-in-the-set/ - 2025-01-04 09:05:25

Email sent successfully to akash001@gmail.com - https://pvamarkets.com/item/twitter-accounts-registered-in-2013-verified-by-emailoutlook-com-hotmail-com-email-included-in-the-set-may-require-confirmation-by-sms-male-or-female-partially-filled-profiles-2fa-in-the-set/ - 2025-01-04 09:05:29

Email sent successfully to albmoreg@gmail.com - https://pvamarkets.com/item/twitter-accounts-registered-in-2013-verified-by-emailoutlook-com-hotmail-com-email-included-in-the-set-may-require-confirmation-by-sms-male-or-female-partially-filled-profiles-2fa-in-the-set/ - 2025-01-04 09:05:33

Email sent successfully to aletxanderchantrellg@gmail.com - https://pvamarkets.com/item/twitter-accounts-registered-in-2013-verified-by-emailoutlook-com-hotmail-com-email-included-in-the-set-may-require-confirmation-by-sms-male-or-female-partially-filled-profiles-2fa-in-the-set/ - 2025-01-04 09:05:37

Email sent successfully to alikuttbutt@gmail.com - https://pvamarkets.com/item/twitter-accounts-registered-in-2013-verified-by-emailoutlook-com-hotmail-com-email-included-in-the-set-may-require-confirmation-by-sms-male-or-female-partially-filled-profiles-2fa-in-the-set/ - 2025-01-04 09:05:41

Email sent successfully to alisha@gmail.com - https://pvamarkets.com/item/twitter-accounts-registered-in-2013-verified-by-emailoutlook-com-hotmail-com-email-included-in-the-set-may-require-confirmation-by-sms-male-or-female-partially-filled-profiles-2fa-in-the-set/ - 2025-01-04 09:05:45

Email sent successfully to alisha2@gmail.com - https://pvamarkets.com/item/twitter-accounts-registered-in-2013-verified-by-emailoutlook-com-hotmail-com-email-included-in-the-set-may-require-confirmation-by-sms-male-or-female-partially-filled-profiles-2fa-in-the-set/ - 2025-01-04 09:05:49

Email sent successfully to alisha3@gmail.com - https://pvamarkets.com/item/twitter-accounts-registered-in-2013-verified-by-emailoutlook-com-hotmail-com-email-included-in-the-set-may-require-confirmation-by-sms-male-or-female-partially-filled-profiles-2fa-in-the-set/ - 2025-01-04 09:05:53

Email sent successfully to alisha4@gmail.com - https://pvamarkets.com/item/twitter-accounts-registered-in-2013-verified-by-emailoutlook-com-hotmail-com-email-included-in-the-set-may-require-confirmation-by-sms-male-or-female-partially-filled-profiles-2fa-in-the-set/ - 2025-01-04 09:05:57

Email sent successfully to alisha5@gmail.com - https://pvamarkets.com/item/twitter-accounts-registered-in-2013-verified-by-emailoutlook-com-hotmail-com-email-included-in-the-set-may-require-confirmation-by-sms-male-or-female-partially-filled-profiles-2fa-in-the-set/ - 2025-01-04 09:06:01

Email sent successfully to allexa.v.hernandez012@gmail.com - https://pvamarkets.com/item/twitter-accounts-registered-in-2013-verified-by-emailoutlook-com-hotmail-com-email-included-in-the-set-may-require-confirmation-by-sms-male-or-female-partially-filled-profiles-2fa-in-the-set/ - 2025-01-04 09:06:05

Email sent successfully to amandakbatt@gmail.com - https://pvamarkets.com/item/twitter-accounts-registered-in-2013-verified-by-emailoutlook-com-hotmail-com-email-included-in-the-set-may-require-confirmation-by-sms-male-or-female-partially-filled-profiles-2fa-in-the-set/ - 2025-01-04 09:06:10

Email sent successfully to amcinteer@gmail.com - https://pvamarkets.com/item/twitter-accounts-registered-in-2013-verified-by-emailoutlook-com-hotmail-com-email-included-in-the-set-may-require-confirmation-by-sms-male-or-female-partially-filled-profiles-2fa-in-the-set/ - 2025-01-04 09:06:14

Email sent successfully to amdvaio@gmail.com - https://pvamarkets.com/item/twitter-accounts-registered-in-2013-verified-by-emailoutlook-com-hotmail-com-email-included-in-the-set-may-require-confirmation-by-sms-male-or-female-partially-filled-profiles-2fa-in-the-set/ - 2025-01-04 09:06:18

Email sent successfully to amiapoptart@gmail.com - https://pvamarkets.com/item/twitter-accounts-registered-in-2013-verified-by-emailoutlook-com-hotmail-com-email-included-in-the-set-may-require-confirmation-by-sms-male-or-female-partially-filled-profiles-2fa-in-the-set/ - 2025-01-04 09:06:22

Email sent successfully to amomcilovic@atlanticacontractors.ca - https://pvamarkets.com/item/twitter-accounts-registered-in-2013-verified-by-emailoutlook-com-hotmail-com-email-included-in-the-set-may-require-confirmation-by-sms-male-or-female-partially-filled-profiles-2fa-in-the-set/ - 2025-01-04 09:06:26

Email sent successfully to angelofthemorning@gmail.com - https://pvamarkets.com/item/twitter-accounts-registered-in-2013-verified-by-emailoutlook-com-hotmail-com-email-included-in-the-set-may-require-confirmation-by-sms-male-or-female-partially-filled-profiles-2fa-in-the-set/ - 2025-01-04 09:06:30

Email sent successfully to angiloghioto@yahoo.com - https://pvamarkets.com/item/twitter-accounts-registered-in-2013-verified-by-emailoutlook-com-hotmail-com-email-included-in-the-set-may-require-confirmation-by-sms-male-or-female-partially-filled-profiles-2fa-in-the-set/ - 2025-01-04 09:06:34

Email sent successfully to april.petrini@gmail.com - https://pvamarkets.com/item/twitter-accounts-registered-in-2013-verified-by-emailoutlook-com-hotmail-com-email-included-in-the-set-may-require-confirmation-by-sms-male-or-female-partially-filled-profiles-2fa-in-the-set/ - 2025-01-04 09:06:38

Email sent successfully to aprilhorne624@gmail.com - https://pvamarkets.com/item/twitter-accounts-registered-in-2013-verified-by-emailoutlook-com-hotmail-com-email-included-in-the-set-may-require-confirmation-by-sms-male-or-female-partially-filled-profiles-2fa-in-the-set/ - 2025-01-04 09:06:42

Email sent successfully to arreolakatheleen@gmail.com - https://pvamarkets.com/item/twitter-accounts-registered-in-2013-verified-by-emailoutlook-com-hotmail-com-email-included-in-the-set-may-require-confirmation-by-sms-male-or-female-partially-filled-profiles-2fa-in-the-set/ - 2025-01-04 09:06:46

Email sent successfully to aryanasodha7@gmail.com - https://pvamarkets.com/item/twitter-accounts-registered-in-2013-verified-by-emailoutlook-com-hotmail-com-email-included-in-the-set-may-require-confirmation-by-sms-male-or-female-partially-filled-profiles-2fa-in-the-set/ - 2025-01-04 09:06:50

Email sent successfully to asap30@protonmail.com - https://pvamarkets.com/item/twitter-accounts-registered-in-2013-verified-by-emailoutlook-com-hotmail-com-email-included-in-the-set-may-require-confirmation-by-sms-male-or-female-partially-filled-profiles-2fa-in-the-set/ - 2025-01-04 09:06:54

Email sent successfully to ashforbes2@gmail.com - https://pvamarkets.com/item/twitter-accounts-registered-in-2013-verified-by-emailoutlook-com-hotmail-com-email-included-in-the-set-may-require-confirmation-by-sms-male-or-female-partially-filled-profiles-2fa-in-the-set/ - 2025-01-04 09:06:59

Email sent successfully to atwerksum@gmail.com - https://pvamarkets.com/item/twitter-accounts-registered-in-2013-verified-by-emailoutlook-com-hotmail-com-email-included-in-the-set-may-require-confirmation-by-sms-male-or-female-partially-filled-profiles-2fa-in-the-set/ - 2025-01-04 09:07:03

Email sent successfully to avishekjodder3@gmail.com - https://pvamarkets.com/item/twitter-accounts-registered-in-2013-verified-by-emailoutlook-com-hotmail-com-email-included-in-the-set-may-require-confirmation-by-sms-male-or-female-partially-filled-profiles-2fa-in-the-set/ - 2025-01-04 09:07:07

Email sent successfully to awskhaldoon@gmail.com - https://pvamarkets.com/item/twitter-accounts-registered-in-2013-verified-by-emailoutlook-com-hotmail-com-email-included-in-the-set-may-require-confirmation-by-sms-male-or-female-partially-filled-profiles-2fa-in-the-set/ - 2025-01-04 09:07:11

Email sent successfully to awynner@msn.com - https://pvamarkets.com/item/twitter-accounts-registered-in-2013-verified-by-emailoutlook-com-hotmail-com-email-included-in-the-set-may-require-confirmation-by-sms-male-or-female-partially-filled-profiles-2fa-in-the-set/ - 2025-01-04 09:07:15

Email sent successfully to bdoore.kamal@gmail.com - https://pvamarkets.com/item/twitter-accounts-registered-in-2013-verified-by-emailoutlook-com-hotmail-com-email-included-in-the-set-may-require-confirmation-by-sms-male-or-female-partially-filled-profiles-2fa-in-the-set/ - 2025-01-04 09:07:19

Email sent successfully to belmokhtary1@gmail.com - https://pvamarkets.com/item/twitter-accounts-registered-in-2013-verified-by-emailoutlook-com-hotmail-com-email-included-in-the-set-may-require-confirmation-by-sms-male-or-female-partially-filled-profiles-2fa-in-the-set/ - 2025-01-04 09:07:23

Email sent successfully to bendernoelle@gmail.com - https://pvamarkets.com/item/twitter-accounts-registered-in-2013-verified-by-emailoutlook-com-hotmail-com-email-included-in-the-set-may-require-confirmation-by-sms-male-or-female-partially-filled-profiles-2fa-in-the-set/ - 2025-01-04 09:07:27

Email sent successfully to beranda.lopez@gmail.com - https://pvamarkets.com/item/twitter-accounts-registered-in-2013-verified-by-emailoutlook-com-hotmail-com-email-included-in-the-set-may-require-confirmation-by-sms-male-or-female-partially-filled-profiles-2fa-in-the-set/ - 2025-01-04 09:07:31

Email sent successfully to berberjin1981nm1121@gmail.com - https://pvamarkets.com/item/twitter-accounts-registered-in-2013-verified-by-emailoutlook-com-hotmail-com-email-included-in-the-set-may-require-confirmation-by-sms-male-or-female-partially-filled-profiles-2fa-in-the-set/ - 2025-01-04 09:07:35

Email sent successfully to beverlydanae@gmail.com - https://pvamarkets.com/item/twitter-accounts-registered-in-2013-verified-by-emailoutlook-com-hotmail-com-email-included-in-the-set-may-require-confirmation-by-sms-male-or-female-partially-filled-profiles-2fa-in-the-set/ - 2025-01-04 09:07:39

Email sent successfully to bimal@gmail.com - https://pvamarkets.com/item/twitter-accounts-registered-in-2013-verified-by-emailoutlook-com-hotmail-com-email-included-in-the-set-may-require-confirmation-by-sms-male-or-female-partially-filled-profiles-2fa-in-the-set/ - 2025-01-04 09:07:44

Email sent successfully to blattman.seth@gmail.com - https://pvamarkets.com/item/twitter-accounts-registered-in-2013-verified-by-emailoutlook-com-hotmail-com-email-included-in-the-set-may-require-confirmation-by-sms-male-or-female-partially-filled-profiles-2fa-in-the-set/ - 2025-01-04 09:07:48

Email sent successfully to blynd15@gmail.com - https://pvamarkets.com/item/twitter-accounts-registered-in-2013-verified-by-emailoutlook-com-hotmail-com-email-included-in-the-set-may-require-confirmation-by-sms-male-or-female-partially-filled-profiles-2fa-in-the-set/ - 2025-01-04 09:07:52

Email sent successfully to bmblajbalzuj@dont-reply.me - https://pvamarkets.com/item/twitter-accounts-registered-in-2013-verified-by-emailoutlook-com-hotmail-com-email-included-in-the-set-may-require-confirmation-by-sms-male-or-female-partially-filled-profiles-2fa-in-the-set/ - 2025-01-04 09:07:56

Email sent successfully to bolarinwaayomide88@gmail.com - https://pvamarkets.com/item/twitter-accounts-registered-in-2013-verified-by-emailoutlook-com-hotmail-com-email-included-in-the-set-may-require-confirmation-by-sms-male-or-female-partially-filled-profiles-2fa-in-the-set/ - 2025-01-04 09:08:00

Email sent successfully to boten7x@gmail.com - https://pvamarkets.com/item/twitter-accounts-registered-in-2013-verified-by-emailoutlook-com-hotmail-com-email-included-in-the-set-may-require-confirmation-by-sms-male-or-female-partially-filled-profiles-2fa-in-the-set/ - 2025-01-04 09:08:04

Email sent successfully to brent.ladonna@gmail.com - https://pvamarkets.com/item/twitter-accounts-registered-in-2013-verified-by-emailoutlook-com-hotmail-com-email-included-in-the-set-may-require-confirmation-by-sms-male-or-female-partially-filled-profiles-2fa-in-the-set/ - 2025-01-04 09:08:08

Email sent successfully to btm202@gmail.com - https://pvamarkets.com/item/twitter-accounts-registered-in-2013-verified-by-emailoutlook-com-hotmail-com-email-included-in-the-set-may-require-confirmation-by-sms-male-or-female-partially-filled-profiles-2fa-in-the-set/ - 2025-01-04 09:08:12

Email sent successfully to calvin-g-smith@hotmail.com - https://pvamarkets.com/item/twitter-accounts-registered-in-2013-verified-by-emailoutlook-com-hotmail-com-email-included-in-the-set-may-require-confirmation-by-sms-male-or-female-partially-filled-profiles-2fa-in-the-set/ - 2025-01-04 09:08:16

Email sent successfully to casalta.marklee@gmail.com - https://pvamarkets.com/item/twitter-accounts-registered-in-2013-verified-by-emailoutlook-com-hotmail-com-email-included-in-the-set-may-require-confirmation-by-sms-male-or-female-partially-filled-profiles-2fa-in-the-set/ - 2025-01-04 09:08:20

Email sent successfully to cdunne06@gmail.com - https://pvamarkets.com/item/twitter-accounts-registered-in-2013-verified-by-emailoutlook-com-hotmail-com-email-included-in-the-set-may-require-confirmation-by-sms-male-or-female-partially-filled-profiles-2fa-in-the-set/ - 2025-01-04 09:08:25

Email sent successfully to ceddy71@live.com - https://pvamarkets.com/item/twitter-accounts-registered-in-2013-verified-by-emailoutlook-com-hotmail-com-email-included-in-the-set-may-require-confirmation-by-sms-male-or-female-partially-filled-profiles-2fa-in-the-set/ - 2025-01-04 09:08:29

Email sent successfully to 573480600@qq.com - https://pvamarkets.com/item/twitter-accounts-registered-in-2013-verified-by-emailoutlook-com-hotmail-com-email-included-in-the-set-may-require-confirmation-by-sms-male-or-female-partially-filled-profiles-2fa-in-the-set/ - 2025-01-04 09:08:29

Email sent successfully to cgcameron0@gmail.com - https://pvamarkets.com/item/twitter-accounts-registered-in-2013-verified-by-emailoutlook-com-hotmail-com-email-included-in-the-set-may-require-confirmation-by-sms-male-or-female-partially-filled-profiles-2fa-in-the-set/ - 2025-01-04 09:08:33

Email sent successfully to 9270888088i@gmail.com - https://pvamarkets.com/item/twitter-accounts-registered-in-2013-verified-by-emailoutlook-com-hotmail-com-email-included-in-the-set-may-require-confirmation-by-sms-male-or-female-partially-filled-profiles-2fa-in-the-set/ - 2025-01-04 09:08:33

Email sent successfully to charkaouiouail@gmail.com - https://pvamarkets.com/item/twitter-accounts-registered-in-2013-verified-by-emailoutlook-com-hotmail-com-email-included-in-the-set-may-require-confirmation-by-sms-male-or-female-partially-filled-profiles-2fa-in-the-set/ - 2025-01-04 09:08:37

Email sent successfully to accounts@marvelec.com.au - https://pvamarkets.com/item/twitter-accounts-registered-in-2013-verified-by-emailoutlook-com-hotmail-com-email-included-in-the-set-may-require-confirmation-by-sms-male-or-female-partially-filled-profiles-2fa-in-the-set/ - 2025-01-04 09:08:37

Email sent successfully to charlotte.newman54@gmail.com - https://pvamarkets.com/item/twitter-accounts-registered-in-2013-verified-by-emailoutlook-com-hotmail-com-email-included-in-the-set-may-require-confirmation-by-sms-male-or-female-partially-filled-profiles-2fa-in-the-set/ - 2025-01-04 09:08:41

Email sent successfully to admin@pvamarkets.com - https://pvamarkets.com/item/twitter-accounts-registered-in-2013-verified-by-emailoutlook-com-hotmail-com-email-included-in-the-set-may-require-confirmation-by-sms-male-or-female-partially-filled-profiles-2fa-in-the-set/ - 2025-01-04 09:08:42

Email sent successfully to charlottetamar20@gmail.com - https://pvamarkets.com/item/twitter-accounts-registered-in-2013-verified-by-emailoutlook-com-hotmail-com-email-included-in-the-set-may-require-confirmation-by-sms-male-or-female-partially-filled-profiles-2fa-in-the-set/ - 2025-01-04 09:08:45

Email sent successfully to ajayprabhakar74@gmail.com - https://pvamarkets.com/item/twitter-accounts-registered-in-2013-verified-by-emailoutlook-com-hotmail-com-email-included-in-the-set-may-require-confirmation-by-sms-male-or-female-partially-filled-profiles-2fa-in-the-set/ - 2025-01-04 09:08:46

Email sent successfully to chelseahoward1999@icloud.com - https://pvamarkets.com/item/twitter-accounts-registered-in-2013-verified-by-emailoutlook-com-hotmail-com-email-included-in-the-set-may-require-confirmation-by-sms-male-or-female-partially-filled-profiles-2fa-in-the-set/ - 2025-01-04 09:08:49

Email sent successfully to akash001@gmail.com - https://pvamarkets.com/item/twitter-accounts-registered-in-2013-verified-by-emailoutlook-com-hotmail-com-email-included-in-the-set-may-require-confirmation-by-sms-male-or-female-partially-filled-profiles-2fa-in-the-set/ - 2025-01-04 09:08:50

Email sent successfully to ChrisHiggins1985@proton.me - https://pvamarkets.com/item/twitter-accounts-registered-in-2013-verified-by-emailoutlook-com-hotmail-com-email-included-in-the-set-may-require-confirmation-by-sms-male-or-female-partially-filled-profiles-2fa-in-the-set/ - 2025-01-04 09:08:53

Email sent successfully to albmoreg@gmail.com - https://pvamarkets.com/item/twitter-accounts-registered-in-2013-verified-by-emailoutlook-com-hotmail-com-email-included-in-the-set-may-require-confirmation-by-sms-male-or-female-partially-filled-profiles-2fa-in-the-set/ - 2025-01-04 09:08:54

Email sent successfully to cjennyle@gmail.com - https://pvamarkets.com/item/twitter-accounts-registered-in-2013-verified-by-emailoutlook-com-hotmail-com-email-included-in-the-set-may-require-confirmation-by-sms-male-or-female-partially-filled-profiles-2fa-in-the-set/ - 2025-01-04 09:08:57

Email sent successfully to aletxanderchantrellg@gmail.com - https://pvamarkets.com/item/twitter-accounts-registered-in-2013-verified-by-emailoutlook-com-hotmail-com-email-included-in-the-set-may-require-confirmation-by-sms-male-or-female-partially-filled-profiles-2fa-in-the-set/ - 2025-01-04 09:08:58

Email sent successfully to clarkkloe999@gmail.com - https://pvamarkets.com/item/twitter-accounts-registered-in-2013-verified-by-emailoutlook-com-hotmail-com-email-included-in-the-set-may-require-confirmation-by-sms-male-or-female-partially-filled-profiles-2fa-in-the-set/ - 2025-01-04 09:09:01

Email sent successfully to alikuttbutt@gmail.com - https://pvamarkets.com/item/twitter-accounts-registered-in-2013-verified-by-emailoutlook-com-hotmail-com-email-included-in-the-set-may-require-confirmation-by-sms-male-or-female-partially-filled-profiles-2fa-in-the-set/ - 2025-01-04 09:09:02

Email sent successfully to claurodrigonza@gmail.com - https://pvamarkets.com/item/twitter-accounts-registered-in-2013-verified-by-emailoutlook-com-hotmail-com-email-included-in-the-set-may-require-confirmation-by-sms-male-or-female-partially-filled-profiles-2fa-in-the-set/ - 2025-01-04 09:09:06

Email sent successfully to alisha@gmail.com - https://pvamarkets.com/item/twitter-accounts-registered-in-2013-verified-by-emailoutlook-com-hotmail-com-email-included-in-the-set-may-require-confirmation-by-sms-male-or-female-partially-filled-profiles-2fa-in-the-set/ - 2025-01-04 09:09:06

Email sent successfully to alisha2@gmail.com - https://pvamarkets.com/item/twitter-accounts-registered-in-2013-verified-by-emailoutlook-com-hotmail-com-email-included-in-the-set-may-require-confirmation-by-sms-male-or-female-partially-filled-profiles-2fa-in-the-set/ - 2025-01-04 09:09:11

Email sent successfully to alisha3@gmail.com - https://pvamarkets.com/item/twitter-accounts-registered-in-2013-verified-by-emailoutlook-com-hotmail-com-email-included-in-the-set-may-require-confirmation-by-sms-male-or-female-partially-filled-profiles-2fa-in-the-set/ - 2025-01-04 09:09:15

Email sent successfully to alisha4@gmail.com - https://pvamarkets.com/item/twitter-accounts-registered-in-2013-verified-by-emailoutlook-com-hotmail-com-email-included-in-the-set-may-require-confirmation-by-sms-male-or-female-partially-filled-profiles-2fa-in-the-set/ - 2025-01-04 09:09:19

Email sent successfully to alisha5@gmail.com - https://pvamarkets.com/item/twitter-accounts-registered-in-2013-verified-by-emailoutlook-com-hotmail-com-email-included-in-the-set-may-require-confirmation-by-sms-male-or-female-partially-filled-profiles-2fa-in-the-set/ - 2025-01-04 09:09:23

Email sent successfully to allexa.v.hernandez012@gmail.com - https://pvamarkets.com/item/twitter-accounts-registered-in-2013-verified-by-emailoutlook-com-hotmail-com-email-included-in-the-set-may-require-confirmation-by-sms-male-or-female-partially-filled-profiles-2fa-in-the-set/ - 2025-01-04 09:09:27

Email sent successfully to amandakbatt@gmail.com - https://pvamarkets.com/item/twitter-accounts-registered-in-2013-verified-by-emailoutlook-com-hotmail-com-email-included-in-the-set-may-require-confirmation-by-sms-male-or-female-partially-filled-profiles-2fa-in-the-set/ - 2025-01-04 09:09:31

Email sent successfully to amcinteer@gmail.com - https://pvamarkets.com/item/twitter-accounts-registered-in-2013-verified-by-emailoutlook-com-hotmail-com-email-included-in-the-set-may-require-confirmation-by-sms-male-or-female-partially-filled-profiles-2fa-in-the-set/ - 2025-01-04 09:09:35

Email sent successfully to amdvaio@gmail.com - https://pvamarkets.com/item/twitter-accounts-registered-in-2013-verified-by-emailoutlook-com-hotmail-com-email-included-in-the-set-may-require-confirmation-by-sms-male-or-female-partially-filled-profiles-2fa-in-the-set/ - 2025-01-04 09:09:39

Email sent successfully to amiapoptart@gmail.com - https://pvamarkets.com/item/twitter-accounts-registered-in-2013-verified-by-emailoutlook-com-hotmail-com-email-included-in-the-set-may-require-confirmation-by-sms-male-or-female-partially-filled-profiles-2fa-in-the-set/ - 2025-01-04 09:09:43

Email sent successfully to amomcilovic@atlanticacontractors.ca - https://pvamarkets.com/item/twitter-accounts-registered-in-2013-verified-by-emailoutlook-com-hotmail-com-email-included-in-the-set-may-require-confirmation-by-sms-male-or-female-partially-filled-profiles-2fa-in-the-set/ - 2025-01-04 09:09:47

Email sent successfully to angelofthemorning@gmail.com - https://pvamarkets.com/item/twitter-accounts-registered-in-2013-verified-by-emailoutlook-com-hotmail-com-email-included-in-the-set-may-require-confirmation-by-sms-male-or-female-partially-filled-profiles-2fa-in-the-set/ - 2025-01-04 09:09:51

Email sent successfully to angiloghioto@yahoo.com - https://pvamarkets.com/item/twitter-accounts-registered-in-2013-verified-by-emailoutlook-com-hotmail-com-email-included-in-the-set-may-require-confirmation-by-sms-male-or-female-partially-filled-profiles-2fa-in-the-set/ - 2025-01-04 09:09:55

Email sent successfully to april.petrini@gmail.com - https://pvamarkets.com/item/twitter-accounts-registered-in-2013-verified-by-emailoutlook-com-hotmail-com-email-included-in-the-set-may-require-confirmation-by-sms-male-or-female-partially-filled-profiles-2fa-in-the-set/ - 2025-01-04 09:09:59

Email sent successfully to aprilhorne624@gmail.com - https://pvamarkets.com/item/twitter-accounts-registered-in-2013-verified-by-emailoutlook-com-hotmail-com-email-included-in-the-set-may-require-confirmation-by-sms-male-or-female-partially-filled-profiles-2fa-in-the-set/ - 2025-01-04 09:10:03

Email sent successfully to arreolakatheleen@gmail.com - https://pvamarkets.com/item/twitter-accounts-registered-in-2013-verified-by-emailoutlook-com-hotmail-com-email-included-in-the-set-may-require-confirmation-by-sms-male-or-female-partially-filled-profiles-2fa-in-the-set/ - 2025-01-04 09:10:08

Email sent successfully to aryanasodha7@gmail.com - https://pvamarkets.com/item/twitter-accounts-registered-in-2013-verified-by-emailoutlook-com-hotmail-com-email-included-in-the-set-may-require-confirmation-by-sms-male-or-female-partially-filled-profiles-2fa-in-the-set/ - 2025-01-04 09:10:12

Email sent successfully to asap30@protonmail.com - https://pvamarkets.com/item/twitter-accounts-registered-in-2013-verified-by-emailoutlook-com-hotmail-com-email-included-in-the-set-may-require-confirmation-by-sms-male-or-female-partially-filled-profiles-2fa-in-the-set/ - 2025-01-04 09:10:16

Email sent successfully to ashforbes2@gmail.com - https://pvamarkets.com/item/twitter-accounts-registered-in-2013-verified-by-emailoutlook-com-hotmail-com-email-included-in-the-set-may-require-confirmation-by-sms-male-or-female-partially-filled-profiles-2fa-in-the-set/ - 2025-01-04 09:10:20

Email sent successfully to atwerksum@gmail.com - https://pvamarkets.com/item/twitter-accounts-registered-in-2013-verified-by-emailoutlook-com-hotmail-com-email-included-in-the-set-may-require-confirmation-by-sms-male-or-female-partially-filled-profiles-2fa-in-the-set/ - 2025-01-04 09:10:24

Email sent successfully to avishekjodder3@gmail.com - https://pvamarkets.com/item/twitter-accounts-registered-in-2013-verified-by-emailoutlook-com-hotmail-com-email-included-in-the-set-may-require-confirmation-by-sms-male-or-female-partially-filled-profiles-2fa-in-the-set/ - 2025-01-04 09:10:28

Email sent successfully to awskhaldoon@gmail.com - https://pvamarkets.com/item/twitter-accounts-registered-in-2013-verified-by-emailoutlook-com-hotmail-com-email-included-in-the-set-may-require-confirmation-by-sms-male-or-female-partially-filled-profiles-2fa-in-the-set/ - 2025-01-04 09:10:32

Email sent successfully to awynner@msn.com - https://pvamarkets.com/item/twitter-accounts-registered-in-2013-verified-by-emailoutlook-com-hotmail-com-email-included-in-the-set-may-require-confirmation-by-sms-male-or-female-partially-filled-profiles-2fa-in-the-set/ - 2025-01-04 09:10:36

Email sent successfully to bdoore.kamal@gmail.com - https://pvamarkets.com/item/twitter-accounts-registered-in-2013-verified-by-emailoutlook-com-hotmail-com-email-included-in-the-set-may-require-confirmation-by-sms-male-or-female-partially-filled-profiles-2fa-in-the-set/ - 2025-01-04 09:10:40

Email sent successfully to belmokhtary1@gmail.com - https://pvamarkets.com/item/twitter-accounts-registered-in-2013-verified-by-emailoutlook-com-hotmail-com-email-included-in-the-set-may-require-confirmation-by-sms-male-or-female-partially-filled-profiles-2fa-in-the-set/ - 2025-01-04 09:10:45

Email sent successfully to bendernoelle@gmail.com - https://pvamarkets.com/item/twitter-accounts-registered-in-2013-verified-by-emailoutlook-com-hotmail-com-email-included-in-the-set-may-require-confirmation-by-sms-male-or-female-partially-filled-profiles-2fa-in-the-set/ - 2025-01-04 09:10:49

Email sent successfully to beranda.lopez@gmail.com - https://pvamarkets.com/item/twitter-accounts-registered-in-2013-verified-by-emailoutlook-com-hotmail-com-email-included-in-the-set-may-require-confirmation-by-sms-male-or-female-partially-filled-profiles-2fa-in-the-set/ - 2025-01-04 09:10:53

Email sent successfully to berberjin1981nm1121@gmail.com - https://pvamarkets.com/item/twitter-accounts-registered-in-2013-verified-by-emailoutlook-com-hotmail-com-email-included-in-the-set-may-require-confirmation-by-sms-male-or-female-partially-filled-profiles-2fa-in-the-set/ - 2025-01-04 09:10:57

Email sent successfully to beverlydanae@gmail.com - https://pvamarkets.com/item/twitter-accounts-registered-in-2013-verified-by-emailoutlook-com-hotmail-com-email-included-in-the-set-may-require-confirmation-by-sms-male-or-female-partially-filled-profiles-2fa-in-the-set/ - 2025-01-04 09:11:01

Email sent successfully to bimal@gmail.com - https://pvamarkets.com/item/twitter-accounts-registered-in-2013-verified-by-emailoutlook-com-hotmail-com-email-included-in-the-set-may-require-confirmation-by-sms-male-or-female-partially-filled-profiles-2fa-in-the-set/ - 2025-01-04 09:11:05

Email sent successfully to blattman.seth@gmail.com - https://pvamarkets.com/item/twitter-accounts-registered-in-2013-verified-by-emailoutlook-com-hotmail-com-email-included-in-the-set-may-require-confirmation-by-sms-male-or-female-partially-filled-profiles-2fa-in-the-set/ - 2025-01-04 09:11:09

Email sent successfully to blynd15@gmail.com - https://pvamarkets.com/item/twitter-accounts-registered-in-2013-verified-by-emailoutlook-com-hotmail-com-email-included-in-the-set-may-require-confirmation-by-sms-male-or-female-partially-filled-profiles-2fa-in-the-set/ - 2025-01-04 09:11:13

Email sent successfully to bmblajbalzuj@dont-reply.me - https://pvamarkets.com/item/twitter-accounts-registered-in-2013-verified-by-emailoutlook-com-hotmail-com-email-included-in-the-set-may-require-confirmation-by-sms-male-or-female-partially-filled-profiles-2fa-in-the-set/ - 2025-01-04 09:11:17

Email sent successfully to bolarinwaayomide88@gmail.com - https://pvamarkets.com/item/twitter-accounts-registered-in-2013-verified-by-emailoutlook-com-hotmail-com-email-included-in-the-set-may-require-confirmation-by-sms-male-or-female-partially-filled-profiles-2fa-in-the-set/ - 2025-01-04 09:11:21

Email sent successfully to boten7x@gmail.com - https://pvamarkets.com/item/twitter-accounts-registered-in-2013-verified-by-emailoutlook-com-hotmail-com-email-included-in-the-set-may-require-confirmation-by-sms-male-or-female-partially-filled-profiles-2fa-in-the-set/ - 2025-01-04 09:11:25

Email sent successfully to brent.ladonna@gmail.com - https://pvamarkets.com/item/twitter-accounts-registered-in-2013-verified-by-emailoutlook-com-hotmail-com-email-included-in-the-set-may-require-confirmation-by-sms-male-or-female-partially-filled-profiles-2fa-in-the-set/ - 2025-01-04 09:11:29

Email sent successfully to btm202@gmail.com - https://pvamarkets.com/item/twitter-accounts-registered-in-2013-verified-by-emailoutlook-com-hotmail-com-email-included-in-the-set-may-require-confirmation-by-sms-male-or-female-partially-filled-profiles-2fa-in-the-set/ - 2025-01-04 09:11:34

Email sent successfully to calvin-g-smith@hotmail.com - https://pvamarkets.com/item/twitter-accounts-registered-in-2013-verified-by-emailoutlook-com-hotmail-com-email-included-in-the-set-may-require-confirmation-by-sms-male-or-female-partially-filled-profiles-2fa-in-the-set/ - 2025-01-04 09:11:38

Email sent successfully to casalta.marklee@gmail.com - https://pvamarkets.com/item/twitter-accounts-registered-in-2013-verified-by-emailoutlook-com-hotmail-com-email-included-in-the-set-may-require-confirmation-by-sms-male-or-female-partially-filled-profiles-2fa-in-the-set/ - 2025-01-04 09:11:42

Email sent successfully to cdunne06@gmail.com - https://pvamarkets.com/item/twitter-accounts-registered-in-2013-verified-by-emailoutlook-com-hotmail-com-email-included-in-the-set-may-require-confirmation-by-sms-male-or-female-partially-filled-profiles-2fa-in-the-set/ - 2025-01-04 09:11:46

Email sent successfully to ceddy71@live.com - https://pvamarkets.com/item/twitter-accounts-registered-in-2013-verified-by-emailoutlook-com-hotmail-com-email-included-in-the-set-may-require-confirmation-by-sms-male-or-female-partially-filled-profiles-2fa-in-the-set/ - 2025-01-04 09:11:50

Email sent successfully to cgcameron0@gmail.com - https://pvamarkets.com/item/twitter-accounts-registered-in-2013-verified-by-emailoutlook-com-hotmail-com-email-included-in-the-set-may-require-confirmation-by-sms-male-or-female-partially-filled-profiles-2fa-in-the-set/ - 2025-01-04 09:11:54

Email sent successfully to charkaouiouail@gmail.com - https://pvamarkets.com/item/twitter-accounts-registered-in-2013-verified-by-emailoutlook-com-hotmail-com-email-included-in-the-set-may-require-confirmation-by-sms-male-or-female-partially-filled-profiles-2fa-in-the-set/ - 2025-01-04 09:11:58

Email sent successfully to charlotte.newman54@gmail.com - https://pvamarkets.com/item/twitter-accounts-registered-in-2013-verified-by-emailoutlook-com-hotmail-com-email-included-in-the-set-may-require-confirmation-by-sms-male-or-female-partially-filled-profiles-2fa-in-the-set/ - 2025-01-04 09:12:02

Email sent successfully to charlottetamar20@gmail.com - https://pvamarkets.com/item/twitter-accounts-registered-in-2013-verified-by-emailoutlook-com-hotmail-com-email-included-in-the-set-may-require-confirmation-by-sms-male-or-female-partially-filled-profiles-2fa-in-the-set/ - 2025-01-04 09:12:06

Email sent successfully to chelseahoward1999@icloud.com - https://pvamarkets.com/item/twitter-accounts-registered-in-2013-verified-by-emailoutlook-com-hotmail-com-email-included-in-the-set-may-require-confirmation-by-sms-male-or-female-partially-filled-profiles-2fa-in-the-set/ - 2025-01-04 09:12:10

Email sent successfully to ChrisHiggins1985@proton.me - https://pvamarkets.com/item/twitter-accounts-registered-in-2013-verified-by-emailoutlook-com-hotmail-com-email-included-in-the-set-may-require-confirmation-by-sms-male-or-female-partially-filled-profiles-2fa-in-the-set/ - 2025-01-04 09:12:14

Email sent successfully to cjennyle@gmail.com - https://pvamarkets.com/item/twitter-accounts-registered-in-2013-verified-by-emailoutlook-com-hotmail-com-email-included-in-the-set-may-require-confirmation-by-sms-male-or-female-partially-filled-profiles-2fa-in-the-set/ - 2025-01-04 09:12:18

Email sent successfully to clarkkloe999@gmail.com - https://pvamarkets.com/item/twitter-accounts-registered-in-2013-verified-by-emailoutlook-com-hotmail-com-email-included-in-the-set-may-require-confirmation-by-sms-male-or-female-partially-filled-profiles-2fa-in-the-set/ - 2025-01-04 09:12:22

Email sent successfully to claurodrigonza@gmail.com - https://pvamarkets.com/item/twitter-accounts-registered-in-2013-verified-by-emailoutlook-com-hotmail-com-email-included-in-the-set-may-require-confirmation-by-sms-male-or-female-partially-filled-profiles-2fa-in-the-set/ - 2025-01-04 09:12:27

Email sent successfully to ziplim15@gmail.com - https://pvamarkets.com/item/twitter-accounts-registered-in-2013-verified-by-emailoutlook-com-hotmail-com-email-included-in-the-set-may-require-confirmation-by-sms-male-or-female-partially-filled-profiles-2fa-in-the-set/ - 2025-01-04 09:35:21

Email sent successfully to zheero2005@gmail.com - https://pvamarkets.com/item/twitter-accounts-registered-in-2013-verified-by-emailoutlook-com-hotmail-com-email-included-in-the-set-may-require-confirmation-by-sms-male-or-female-partially-filled-profiles-2fa-in-the-set/ - 2025-01-04 09:35:26

Email sent successfully to zdenek.tomasek@adlerpelzer.com - https://pvamarkets.com/item/twitter-accounts-registered-in-2013-verified-by-emailoutlook-com-hotmail-com-email-included-in-the-set-may-require-confirmation-by-sms-male-or-female-partially-filled-profiles-2fa-in-the-set/ - 2025-01-04 09:35:30

Email sent successfully to yvonne391@hotmail.co.uk - https://pvamarkets.com/item/twitter-accounts-registered-in-2013-verified-by-emailoutlook-com-hotmail-com-email-included-in-the-set-may-require-confirmation-by-sms-male-or-female-partially-filled-profiles-2fa-in-the-set/ - 2025-01-04 09:35:34

Email sent successfully to yreverieeo4talisman43@gmail.com - https://pvamarkets.com/item/twitter-accounts-registered-in-2013-verified-by-emailoutlook-com-hotmail-com-email-included-in-the-set-may-require-confirmation-by-sms-male-or-female-partially-filled-profiles-2fa-in-the-set/ - 2025-01-04 09:35:38

Email sent successfully to xvrppbbacac@yahoo.com - https://pvamarkets.com/item/twitter-accounts-registered-in-2013-verified-by-emailoutlook-com-hotmail-com-email-included-in-the-set-may-require-confirmation-by-sms-male-or-female-partially-filled-profiles-2fa-in-the-set/ - 2025-01-04 09:35:42

Email sent successfully to xpcswpwhifaj@yahoo.com - https://pvamarkets.com/item/twitter-accounts-registered-in-2013-verified-by-emailoutlook-com-hotmail-com-email-included-in-the-set-may-require-confirmation-by-sms-male-or-female-partially-filled-profiles-2fa-in-the-set/ - 2025-01-04 09:35:46

Email sent successfully to xono799@gmail.com - https://pvamarkets.com/item/twitter-accounts-registered-in-2013-verified-by-emailoutlook-com-hotmail-com-email-included-in-the-set-may-require-confirmation-by-sms-male-or-female-partially-filled-profiles-2fa-in-the-set/ - 2025-01-04 09:35:50

Email sent successfully to xmanagement.of@gmail.com - https://pvamarkets.com/item/twitter-accounts-registered-in-2013-verified-by-emailoutlook-com-hotmail-com-email-included-in-the-set-may-require-confirmation-by-sms-male-or-female-partially-filled-profiles-2fa-in-the-set/ - 2025-01-04 09:35:54

Email sent successfully to xdeadricprincex231@gmail.com - https://pvamarkets.com/item/twitter-accounts-registered-in-2013-verified-by-emailoutlook-com-hotmail-com-email-included-in-the-set-may-require-confirmation-by-sms-male-or-female-partially-filled-profiles-2fa-in-the-set/ - 2025-01-04 09:35:58

Email sent successfully to wqbjrajompusj@yahoo.com - https://pvamarkets.com/item/twitter-accounts-registered-in-2013-verified-by-emailoutlook-com-hotmail-com-email-included-in-the-set-may-require-confirmation-by-sms-male-or-female-partially-filled-profiles-2fa-in-the-set/ - 2025-01-04 09:36:03

Email sent successfully to worldinvestservice24@gmail.com - https://pvamarkets.com/item/twitter-accounts-registered-in-2013-verified-by-emailoutlook-com-hotmail-com-email-included-in-the-set-may-require-confirmation-by-sms-male-or-female-partially-filled-profiles-2fa-in-the-set/ - 2025-01-04 09:36:07

Email sent successfully to winnerakord3348@gmail.com - https://pvamarkets.com/item/twitter-accounts-registered-in-2013-verified-by-emailoutlook-com-hotmail-com-email-included-in-the-set-may-require-confirmation-by-sms-male-or-female-partially-filled-profiles-2fa-in-the-set/ - 2025-01-04 09:36:11

Email sent successfully to wichmannc53@gmail.com - https://pvamarkets.com/item/twitter-accounts-registered-in-2013-verified-by-emailoutlook-com-hotmail-com-email-included-in-the-set-may-require-confirmation-by-sms-male-or-female-partially-filled-profiles-2fa-in-the-set/ - 2025-01-04 09:36:15

Email sent successfully to wdwendiyoung58@hotmail.com - https://pvamarkets.com/item/twitter-accounts-registered-in-2013-verified-by-emailoutlook-com-hotmail-com-email-included-in-the-set-may-require-confirmation-by-sms-male-or-female-partially-filled-profiles-2fa-in-the-set/ - 2025-01-04 09:36:19

Email sent successfully to walter.gaster@cito.de - https://pvamarkets.com/item/twitter-accounts-registered-in-2013-verified-by-emailoutlook-com-hotmail-com-email-included-in-the-set-may-require-confirmation-by-sms-male-or-female-partially-filled-profiles-2fa-in-the-set/ - 2025-01-04 09:36:23

Email sent successfully to verumbeats@hotmail.com - https://pvamarkets.com/item/twitter-accounts-registered-in-2013-verified-by-emailoutlook-com-hotmail-com-email-included-in-the-set-may-require-confirmation-by-sms-male-or-female-partially-filled-profiles-2fa-in-the-set/ - 2025-01-04 09:36:27

Email sent successfully to venomfx074@gmail.com - https://pvamarkets.com/item/twitter-accounts-registered-in-2013-verified-by-emailoutlook-com-hotmail-com-email-included-in-the-set-may-require-confirmation-by-sms-male-or-female-partially-filled-profiles-2fa-in-the-set/ - 2025-01-04 09:36:31

Email sent successfully to varun@rockintech.com - https://pvamarkets.com/item/twitter-accounts-registered-in-2013-verified-by-emailoutlook-com-hotmail-com-email-included-in-the-set-may-require-confirmation-by-sms-male-or-female-partially-filled-profiles-2fa-in-the-set/ - 2025-01-04 09:36:36

Email sent successfully to uwestevenbrandes@gmail.com - https://pvamarkets.com/item/twitter-accounts-registered-in-2013-verified-by-emailoutlook-com-hotmail-com-email-included-in-the-set-may-require-confirmation-by-sms-male-or-female-partially-filled-profiles-2fa-in-the-set/ - 2025-01-04 09:36:40

Email sent successfully to uvejs.rrudhani@feig.de - https://pvamarkets.com/item/twitter-accounts-registered-in-2013-verified-by-emailoutlook-com-hotmail-com-email-included-in-the-set-may-require-confirmation-by-sms-male-or-female-partially-filled-profiles-2fa-in-the-set/ - 2025-01-04 09:36:44

Email sent successfully to u.ackermann@intersnackgroup.com - https://pvamarkets.com/item/twitter-accounts-registered-in-2013-verified-by-emailoutlook-com-hotmail-com-email-included-in-the-set-may-require-confirmation-by-sms-male-or-female-partially-filled-profiles-2fa-in-the-set/ - 2025-01-04 09:36:48

Email sent successfully to tysbarker@gmail.com - https://pvamarkets.com/item/twitter-accounts-registered-in-2013-verified-by-emailoutlook-com-hotmail-com-email-included-in-the-set-may-require-confirmation-by-sms-male-or-female-partially-filled-profiles-2fa-in-the-set/ - 2025-01-04 09:36:52

Email sent successfully to tyracz@gmail.com - https://pvamarkets.com/item/twitter-accounts-registered-in-2013-verified-by-emailoutlook-com-hotmail-com-email-included-in-the-set-may-require-confirmation-by-sms-male-or-female-partially-filled-profiles-2fa-in-the-set/ - 2025-01-04 09:36:56

Email sent successfully to tylerkish93@gmail.com - https://pvamarkets.com/item/twitter-accounts-registered-in-2013-verified-by-emailoutlook-com-hotmail-com-email-included-in-the-set-may-require-confirmation-by-sms-male-or-female-partially-filled-profiles-2fa-in-the-set/ - 2025-01-04 09:37:00

Email sent successfully to tsm1400co@gmail.com - https://pvamarkets.com/item/twitter-accounts-registered-in-2013-verified-by-emailoutlook-com-hotmail-com-email-included-in-the-set-may-require-confirmation-by-sms-male-or-female-partially-filled-profiles-2fa-in-the-set/ - 2025-01-04 09:37:04

Email sent successfully to trilby94@hotmail.com - https://pvamarkets.com/item/twitter-accounts-registered-in-2013-verified-by-emailoutlook-com-hotmail-com-email-included-in-the-set-may-require-confirmation-by-sms-male-or-female-partially-filled-profiles-2fa-in-the-set/ - 2025-01-04 09:37:08

Email sent successfully to trashpowerandco@gmail.com - https://pvamarkets.com/item/twitter-accounts-registered-in-2013-verified-by-emailoutlook-com-hotmail-com-email-included-in-the-set-may-require-confirmation-by-sms-male-or-female-partially-filled-profiles-2fa-in-the-set/ - 2025-01-04 09:37:12

Email sent successfully to trandall54@gmail.com - https://pvamarkets.com/item/twitter-accounts-registered-in-2013-verified-by-emailoutlook-com-hotmail-com-email-included-in-the-set-may-require-confirmation-by-sms-male-or-female-partially-filled-profiles-2fa-in-the-set/ - 2025-01-04 09:37:16

Email sent successfully to tranallo@gmail.com - https://pvamarkets.com/item/twitter-accounts-registered-in-2013-verified-by-emailoutlook-com-hotmail-com-email-included-in-the-set-may-require-confirmation-by-sms-male-or-female-partially-filled-profiles-2fa-in-the-set/ - 2025-01-04 09:37:21

Email sent successfully to tracy.james@spirent.com - https://pvamarkets.com/item/twitter-accounts-registered-in-2013-verified-by-emailoutlook-com-hotmail-com-email-included-in-the-set-may-require-confirmation-by-sms-male-or-female-partially-filled-profiles-2fa-in-the-set/ - 2025-01-04 09:37:25

Email sent successfully to tjrdn4321@gmail.com - https://pvamarkets.com/item/twitter-accounts-registered-in-2013-verified-by-emailoutlook-com-hotmail-com-email-included-in-the-set-may-require-confirmation-by-sms-male-or-female-partially-filled-profiles-2fa-in-the-set/ - 2025-01-04 09:37:29

Email sent successfully to tithomas@pods.com - https://pvamarkets.com/item/twitter-accounts-registered-in-2013-verified-by-emailoutlook-com-hotmail-com-email-included-in-the-set-may-require-confirmation-by-sms-male-or-female-partially-filled-profiles-2fa-in-the-set/ - 2025-01-04 09:37:33

Email sent successfully to threeshedsdixon@sky.com - https://pvamarkets.com/item/twitter-accounts-registered-in-2013-verified-by-emailoutlook-com-hotmail-com-email-included-in-the-set-may-require-confirmation-by-sms-male-or-female-partially-filled-profiles-2fa-in-the-set/ - 2025-01-04 09:37:37

Email sent successfully to thorntonrobbike@gmail.com - https://pvamarkets.com/item/twitter-accounts-registered-in-2013-verified-by-emailoutlook-com-hotmail-com-email-included-in-the-set-may-require-confirmation-by-sms-male-or-female-partially-filled-profiles-2fa-in-the-set/ - 2025-01-04 09:37:41

Email sent successfully to thomaschefskykeppen@yahoo.com - https://pvamarkets.com/item/twitter-accounts-registered-in-2013-verified-by-emailoutlook-com-hotmail-com-email-included-in-the-set-may-require-confirmation-by-sms-male-or-female-partially-filled-profiles-2fa-in-the-set/ - 2025-01-04 09:37:45

Email sent successfully to theunlimitedfans@gmail.com - https://pvamarkets.com/item/twitter-accounts-registered-in-2013-verified-by-emailoutlook-com-hotmail-com-email-included-in-the-set-may-require-confirmation-by-sms-male-or-female-partially-filled-profiles-2fa-in-the-set/ - 2025-01-04 09:37:49

Email sent successfully to techleverage32@gmail.com - https://pvamarkets.com/item/twitter-accounts-registered-in-2013-verified-by-emailoutlook-com-hotmail-com-email-included-in-the-set-may-require-confirmation-by-sms-male-or-female-partially-filled-profiles-2fa-in-the-set/ - 2025-01-04 09:37:53

Email sent successfully to tbsolutions.info@gmail.com - https://pvamarkets.com/item/twitter-accounts-registered-in-2013-verified-by-emailoutlook-com-hotmail-com-email-included-in-the-set-may-require-confirmation-by-sms-male-or-female-partially-filled-profiles-2fa-in-the-set/ - 2025-01-04 09:37:58

Email sent successfully to tavigheorghe172@gmail.com - https://pvamarkets.com/item/twitter-accounts-registered-in-2013-verified-by-emailoutlook-com-hotmail-com-email-included-in-the-set-may-require-confirmation-by-sms-male-or-female-partially-filled-profiles-2fa-in-the-set/ - 2025-01-04 09:38:02

Email sent successfully to tanzim97@proton.me - https://pvamarkets.com/item/twitter-accounts-registered-in-2013-verified-by-emailoutlook-com-hotmail-com-email-included-in-the-set-may-require-confirmation-by-sms-male-or-female-partially-filled-profiles-2fa-in-the-set/ - 2025-01-04 09:38:06

Email sent successfully to tahinivet@hotmail.com - https://pvamarkets.com/item/twitter-accounts-registered-in-2013-verified-by-emailoutlook-com-hotmail-com-email-included-in-the-set-may-require-confirmation-by-sms-male-or-female-partially-filled-profiles-2fa-in-the-set/ - 2025-01-04 09:38:10

Email sent successfully to t.inachan0615@gmail.com - https://pvamarkets.com/item/twitter-accounts-registered-in-2013-verified-by-emailoutlook-com-hotmail-com-email-included-in-the-set-may-require-confirmation-by-sms-male-or-female-partially-filled-profiles-2fa-in-the-set/ - 2025-01-04 09:38:14

Email sent successfully to szomorodian@gmail.com - https://pvamarkets.com/item/twitter-accounts-registered-in-2013-verified-by-emailoutlook-com-hotmail-com-email-included-in-the-set-may-require-confirmation-by-sms-male-or-female-partially-filled-profiles-2fa-in-the-set/ - 2025-01-04 09:38:18

Email sent successfully to syed.aamer.wafa@gmail.com - https://pvamarkets.com/item/twitter-accounts-registered-in-2013-verified-by-emailoutlook-com-hotmail-com-email-included-in-the-set-may-require-confirmation-by-sms-male-or-female-partially-filled-profiles-2fa-in-the-set/ - 2025-01-04 09:38:22

Email sent successfully to sycisland@gmail.com - https://pvamarkets.com/item/twitter-accounts-registered-in-2013-verified-by-emailoutlook-com-hotmail-com-email-included-in-the-set-may-require-confirmation-by-sms-male-or-female-partially-filled-profiles-2fa-in-the-set/ - 2025-01-04 09:38:26

Email sent successfully to sweetfranky@yahoo.com - https://pvamarkets.com/item/twitter-accounts-registered-in-2013-verified-by-emailoutlook-com-hotmail-com-email-included-in-the-set-may-require-confirmation-by-sms-male-or-female-partially-filled-profiles-2fa-in-the-set/ - 2025-01-04 09:38:30

Email sent successfully to suraj001@1secmail.com - https://pvamarkets.com/item/twitter-accounts-registered-in-2013-verified-by-emailoutlook-com-hotmail-com-email-included-in-the-set-may-require-confirmation-by-sms-male-or-female-partially-filled-profiles-2fa-in-the-set/ - 2025-01-04 09:38:35

Email sent successfully to supercheif117@gmail.com - https://pvamarkets.com/item/twitter-accounts-registered-in-2013-verified-by-emailoutlook-com-hotmail-com-email-included-in-the-set-may-require-confirmation-by-sms-male-or-female-partially-filled-profiles-2fa-in-the-set/ - 2025-01-04 09:38:39

Email sent successfully to sudaratnhmanmni990@gmail.com - https://pvamarkets.com/item/twitter-accounts-registered-in-2013-verified-by-emailoutlook-com-hotmail-com-email-included-in-the-set-may-require-confirmation-by-sms-male-or-female-partially-filled-profiles-2fa-in-the-set/ - 2025-01-04 09:38:43

Email sent successfully to successfuldestinydc@GMAIL.COM - https://pvamarkets.com/item/twitter-accounts-registered-in-2013-verified-by-emailoutlook-com-hotmail-com-email-included-in-the-set-may-require-confirmation-by-sms-male-or-female-partially-filled-profiles-2fa-in-the-set/ - 2025-01-04 09:38:47

Email sent successfully to subpossi@gmail.com - https://pvamarkets.com/item/twitter-accounts-registered-in-2013-verified-by-emailoutlook-com-hotmail-com-email-included-in-the-set-may-require-confirmation-by-sms-male-or-female-partially-filled-profiles-2fa-in-the-set/ - 2025-01-04 09:38:51

Email sent successfully to storenbd101@gmail.com - https://pvamarkets.com/item/twitter-accounts-registered-in-2013-verified-by-emailoutlook-com-hotmail-com-email-included-in-the-set-may-require-confirmation-by-sms-male-or-female-partially-filled-profiles-2fa-in-the-set/ - 2025-01-04 09:38:55

Email sent successfully to stevenskmb@gmail.com - https://pvamarkets.com/item/twitter-accounts-registered-in-2013-verified-by-emailoutlook-com-hotmail-com-email-included-in-the-set-may-require-confirmation-by-sms-male-or-female-partially-filled-profiles-2fa-in-the-set/ - 2025-01-04 09:38:59

Email sent successfully to stephenmallon07@gmail.com - https://pvamarkets.com/item/twitter-accounts-registered-in-2013-verified-by-emailoutlook-com-hotmail-com-email-included-in-the-set-may-require-confirmation-by-sms-male-or-female-partially-filled-profiles-2fa-in-the-set/ - 2025-01-04 09:39:03

Email sent successfully to stephehtaylor@gmail.com - https://pvamarkets.com/item/twitter-accounts-registered-in-2013-verified-by-emailoutlook-com-hotmail-com-email-included-in-the-set-may-require-confirmation-by-sms-male-or-female-partially-filled-profiles-2fa-in-the-set/ - 2025-01-04 09:39:07

Email sent successfully to stefanieargote@gmail.com - https://pvamarkets.com/item/twitter-accounts-registered-in-2013-verified-by-emailoutlook-com-hotmail-com-email-included-in-the-set-may-require-confirmation-by-sms-male-or-female-partially-filled-profiles-2fa-in-the-set/ - 2025-01-04 09:39:11

Email sent successfully to sross@minnkota.com - https://pvamarkets.com/item/twitter-accounts-registered-in-2013-verified-by-emailoutlook-com-hotmail-com-email-included-in-the-set-may-require-confirmation-by-sms-male-or-female-partially-filled-profiles-2fa-in-the-set/ - 2025-01-04 09:39:16

Email sent successfully to spopa80@gmail.com - https://pvamarkets.com/item/twitter-accounts-registered-in-2013-verified-by-emailoutlook-com-hotmail-com-email-included-in-the-set-may-require-confirmation-by-sms-male-or-female-partially-filled-profiles-2fa-in-the-set/ - 2025-01-04 09:39:20

Email sent successfully to office@streetfashioner.com - https://pvamarkets.com/item/ig-accounts-registered-in-2014-email-included-outlook-com-hotmail-com-native-the-profiles-information-is-partially-filled-registered-from-different-countries-ips/ - 2025-01-04 10:04:52

Email sent successfully to rajneeshyadav136465@gmail.com - https://pvamarkets.com/item/ig-accounts-registered-in-2014-email-included-outlook-com-hotmail-com-native-the-profiles-information-is-partially-filled-registered-from-different-countries-ips/ - 2025-01-04 10:04:56

Email sent successfully to leolcw2@gmail.com - https://pvamarkets.com/item/ig-accounts-registered-in-2014-email-included-outlook-com-hotmail-com-native-the-profiles-information-is-partially-filled-registered-from-different-countries-ips/ - 2025-01-04 10:05:00

Email sent successfully to worldinvestservice24@gmail.com - https://pvamarkets.com/item/ig-accounts-registered-in-2014-email-included-outlook-com-hotmail-com-native-the-profiles-information-is-partially-filled-registered-from-different-countries-ips/ - 2025-01-04 10:05:04

Email sent successfully to mayomide1995@gmail.com - https://pvamarkets.com/item/ig-accounts-registered-in-2014-email-included-outlook-com-hotmail-com-native-the-profiles-information-is-partially-filled-registered-from-different-countries-ips/ - 2025-01-04 10:05:09

Email sent successfully to jmorgankzn@gmail.com - https://pvamarkets.com/item/ig-accounts-registered-in-2014-email-included-outlook-com-hotmail-com-native-the-profiles-information-is-partially-filled-registered-from-different-countries-ips/ - 2025-01-04 10:05:13

Email sent successfully to bmblajbalzuj@dont-reply.me - https://pvamarkets.com/item/ig-accounts-registered-in-2014-email-included-outlook-com-hotmail-com-native-the-profiles-information-is-partially-filled-registered-from-different-countries-ips/ - 2025-01-04 10:05:17

Email sent successfully to melissalittleruthj406486@gmail.com - https://pvamarkets.com/item/ig-accounts-registered-in-2014-email-included-outlook-com-hotmail-com-native-the-profiles-information-is-partially-filled-registered-from-different-countries-ips/ - 2025-01-04 10:05:21

Email sent successfully to amiapoptart@gmail.com - https://pvamarkets.com/item/ig-accounts-registered-in-2014-email-included-outlook-com-hotmail-com-native-the-profiles-information-is-partially-filled-registered-from-different-countries-ips/ - 2025-01-04 10:05:25

Email sent successfully to avishekjodder3@gmail.com - https://pvamarkets.com/item/ig-accounts-registered-in-2014-email-included-outlook-com-hotmail-com-native-the-profiles-information-is-partially-filled-registered-from-different-countries-ips/ - 2025-01-04 10:05:29

Email sent successfully to mariskakohl@proton.me - https://pvamarkets.com/item/ig-accounts-registered-in-2014-email-included-outlook-com-hotmail-com-native-the-profiles-information-is-partially-filled-registered-from-different-countries-ips/ - 2025-01-04 10:05:33

Email sent successfully to soulaimanzougari@gmail.com - https://pvamarkets.com/item/ig-accounts-registered-in-2014-email-included-outlook-com-hotmail-com-native-the-profiles-information-is-partially-filled-registered-from-different-countries-ips/ - 2025-01-04 10:05:37

Email sent successfully to mkda.tnj15@gmail.com - https://pvamarkets.com/item/ig-accounts-registered-in-2014-email-included-outlook-com-hotmail-com-native-the-profiles-information-is-partially-filled-registered-from-different-countries-ips/ - 2025-01-04 10:05:41

Email sent successfully to tavigheorghe172@gmail.com - https://pvamarkets.com/item/ig-accounts-registered-in-2014-email-included-outlook-com-hotmail-com-native-the-profiles-information-is-partially-filled-registered-from-different-countries-ips/ - 2025-01-04 10:05:45

Email sent successfully to nenefozij92@gmail.com - https://pvamarkets.com/item/ig-accounts-registered-in-2014-email-included-outlook-com-hotmail-com-native-the-profiles-information-is-partially-filled-registered-from-different-countries-ips/ - 2025-01-04 10:05:49

Email sent successfully to maryf4227@gmail.com - https://pvamarkets.com/item/ig-accounts-registered-in-2014-email-included-outlook-com-hotmail-com-native-the-profiles-information-is-partially-filled-registered-from-different-countries-ips/ - 2025-01-04 10:05:54

Email sent successfully to marko.stojkovic@pm.me - https://pvamarkets.com/item/ig-accounts-registered-in-2014-email-included-outlook-com-hotmail-com-native-the-profiles-information-is-partially-filled-registered-from-different-countries-ips/ - 2025-01-04 10:05:58

Email sent successfully to storenbd101@gmail.com - https://pvamarkets.com/item/ig-accounts-registered-in-2014-email-included-outlook-com-hotmail-com-native-the-profiles-information-is-partially-filled-registered-from-different-countries-ips/ - 2025-01-04 10:06:02

Email sent successfully to mayslehlay@gmail.com - https://pvamarkets.com/item/ig-accounts-registered-in-2014-email-included-outlook-com-hotmail-com-native-the-profiles-information-is-partially-filled-registered-from-different-countries-ips/ - 2025-01-04 10:06:06

Email sent successfully to gmdirect@live.com - https://pvamarkets.com/item/ig-accounts-registered-in-2014-email-included-outlook-com-hotmail-com-native-the-profiles-information-is-partially-filled-registered-from-different-countries-ips/ - 2025-01-04 10:06:10

Email sent successfully to ipmatmal@yandex.ru - https://pvamarkets.com/item/ig-accounts-registered-in-2014-email-included-outlook-com-hotmail-com-native-the-profiles-information-is-partially-filled-registered-from-different-countries-ips/ - 2025-01-04 10:06:14

Email sent successfully to asap30@protonmail.com - https://pvamarkets.com/item/ig-accounts-registered-in-2014-email-included-outlook-com-hotmail-com-native-the-profiles-information-is-partially-filled-registered-from-different-countries-ips/ - 2025-01-04 10:06:18

Email sent successfully to soniarahim7839@gmail.com - https://pvamarkets.com/item/ig-accounts-registered-in-2014-email-included-outlook-com-hotmail-com-native-the-profiles-information-is-partially-filled-registered-from-different-countries-ips/ - 2025-01-04 10:06:22

Email sent successfully to ziplim15@gmail.com - https://pvamarkets.com/item/ig-accounts-registered-in-2014-email-included-outlook-com-hotmail-com-native-the-profiles-information-is-partially-filled-registered-from-different-countries-ips/ - 2025-01-04 10:06:27

Email sent successfully to casalta.marklee@gmail.com - https://pvamarkets.com/item/ig-accounts-registered-in-2014-email-included-outlook-com-hotmail-com-native-the-profiles-information-is-partially-filled-registered-from-different-countries-ips/ - 2025-01-04 10:06:31

Email sent successfully to 573480600@qq.com - https://pvamarkets.com/item/ig-accounts-registered-in-2014-email-included-outlook-com-hotmail-com-native-the-profiles-information-is-partially-filled-registered-from-different-countries-ips/ - 2025-01-04 10:06:35

Email sent successfully to xono799@gmail.com - https://pvamarkets.com/item/ig-accounts-registered-in-2014-email-included-outlook-com-hotmail-com-native-the-profiles-information-is-partially-filled-registered-from-different-countries-ips/ - 2025-01-04 10:06:39

Email sent successfully to admin@pvamarkets.com - https://pvamarkets.com/item/ig-accounts-registered-in-2014-email-included-outlook-com-hotmail-com-native-the-profiles-information-is-partially-filled-registered-from-different-countries-ips/ - 2025-01-04 10:06:43

Email sent successfully to boten7x@gmail.com - https://pvamarkets.com/item/ig-accounts-registered-in-2014-email-included-outlook-com-hotmail-com-native-the-profiles-information-is-partially-filled-registered-from-different-countries-ips/ - 2025-01-04 10:06:47

Email sent successfully to ghardaia20000@gmail.com - https://pvamarkets.com/item/ig-accounts-registered-in-2014-email-included-outlook-com-hotmail-com-native-the-profiles-information-is-partially-filled-registered-from-different-countries-ips/ - 2025-01-04 10:06:51

Email sent successfully to hitechcom1998@gmail.com - https://pvamarkets.com/item/ig-accounts-registered-in-2014-email-included-outlook-com-hotmail-com-native-the-profiles-information-is-partially-filled-registered-from-different-countries-ips/ - 2025-01-04 10:06:55

Email sent successfully to liomessi@gmail.com - https://pvamarkets.com/item/ig-accounts-registered-in-2014-email-included-outlook-com-hotmail-com-native-the-profiles-information-is-partially-filled-registered-from-different-countries-ips/ - 2025-01-04 10:07:00

Email sent successfully to siamlio@gmail.com - https://pvamarkets.com/item/ig-accounts-registered-in-2014-email-included-outlook-com-hotmail-com-native-the-profiles-information-is-partially-filled-registered-from-different-countries-ips/ - 2025-01-04 10:07:04

Email sent successfully to nikoladjurovic1402@gmail.com - https://pvamarkets.com/item/ig-accounts-registered-in-2014-email-included-outlook-com-hotmail-com-native-the-profiles-information-is-partially-filled-registered-from-different-countries-ips/ - 2025-01-04 10:07:08

Email sent successfully to tbsolutions.info@gmail.com - https://pvamarkets.com/item/ig-accounts-registered-in-2014-email-included-outlook-com-hotmail-com-native-the-profiles-information-is-partially-filled-registered-from-different-countries-ips/ - 2025-01-04 10:07:12

Email sent successfully to digitalshopilinfo@gmail.com - https://pvamarkets.com/item/ig-accounts-registered-in-2014-email-included-outlook-com-hotmail-com-native-the-profiles-information-is-partially-filled-registered-from-different-countries-ips/ - 2025-01-04 10:07:16

Email sent successfully to spopa80@gmail.com - https://pvamarkets.com/item/ig-accounts-registered-in-2014-email-included-outlook-com-hotmail-com-native-the-profiles-information-is-partially-filled-registered-from-different-countries-ips/ - 2025-01-04 10:07:20

Email sent successfully to alisha5@gmail.com - https://pvamarkets.com/item/ig-accounts-registered-in-2014-email-included-outlook-com-hotmail-com-native-the-profiles-information-is-partially-filled-registered-from-different-countries-ips/ - 2025-01-04 10:07:24

Email sent successfully to alisha4@gmail.com - https://pvamarkets.com/item/ig-accounts-registered-in-2014-email-included-outlook-com-hotmail-com-native-the-profiles-information-is-partially-filled-registered-from-different-countries-ips/ - 2025-01-04 10:07:28

Email sent successfully to alisha3@gmail.com - https://pvamarkets.com/item/ig-accounts-registered-in-2014-email-included-outlook-com-hotmail-com-native-the-profiles-information-is-partially-filled-registered-from-different-countries-ips/ - 2025-01-04 10:07:32

Email sent successfully to alisha2@gmail.com - https://pvamarkets.com/item/ig-accounts-registered-in-2014-email-included-outlook-com-hotmail-com-native-the-profiles-information-is-partially-filled-registered-from-different-countries-ips/ - 2025-01-04 10:07:36

Email sent successfully to alisha@gmail.com - https://pvamarkets.com/item/ig-accounts-registered-in-2014-email-included-outlook-com-hotmail-com-native-the-profiles-information-is-partially-filled-registered-from-different-countries-ips/ - 2025-01-04 10:07:40

Email sent successfully to charkaouiouail@gmail.com - https://pvamarkets.com/item/ig-accounts-registered-in-2014-email-included-outlook-com-hotmail-com-native-the-profiles-information-is-partially-filled-registered-from-different-countries-ips/ - 2025-01-04 10:07:44

Email sent successfully to sarmadayk@gmail.com - https://pvamarkets.com/item/ig-accounts-registered-in-2014-email-included-outlook-com-hotmail-com-native-the-profiles-information-is-partially-filled-registered-from-different-countries-ips/ - 2025-01-04 10:07:48

Email sent successfully to mudiblinkx@gmail.com - https://pvamarkets.com/item/ig-accounts-registered-in-2014-email-included-outlook-com-hotmail-com-native-the-profiles-information-is-partially-filled-registered-from-different-countries-ips/ - 2025-01-04 10:07:53

Email sent successfully to albmoreg@gmail.com - https://pvamarkets.com/item/ig-accounts-registered-in-2014-email-included-outlook-com-hotmail-com-native-the-profiles-information-is-partially-filled-registered-from-different-countries-ips/ - 2025-01-04 10:07:57

Email sent successfully to marcelo.soler2006@gmail.com - https://pvamarkets.com/item/ig-accounts-registered-in-2014-email-included-outlook-com-hotmail-com-native-the-profiles-information-is-partially-filled-registered-from-different-countries-ips/ - 2025-01-04 10:08:01

Email sent successfully to tanzim97@proton.me - https://pvamarkets.com/item/ig-accounts-registered-in-2014-email-included-outlook-com-hotmail-com-native-the-profiles-information-is-partially-filled-registered-from-different-countries-ips/ - 2025-01-04 10:08:05

Email sent successfully to junxudiristina@yahoo.com - https://pvamarkets.com/item/ig-accounts-registered-in-2014-email-included-outlook-com-hotmail-com-native-the-profiles-information-is-partially-filled-registered-from-different-countries-ips/ - 2025-01-04 10:08:09

Email sent successfully to OMRI711992@GMAIL.COM - https://pvamarkets.com/item/ig-accounts-registered-in-2014-email-included-outlook-com-hotmail-com-native-the-profiles-information-is-partially-filled-registered-from-different-countries-ips/ - 2025-01-04 10:08:13

Email sent successfully to paulalvexz@gmail.com - https://pvamarkets.com/item/ig-accounts-registered-in-2014-email-included-outlook-com-hotmail-com-native-the-profiles-information-is-partially-filled-registered-from-different-countries-ips/ - 2025-01-04 10:08:17

Email sent successfully to dse47207@gmail.com - https://pvamarkets.com/item/ig-accounts-registered-in-2014-email-included-outlook-com-hotmail-com-native-the-profiles-information-is-partially-filled-registered-from-different-countries-ips/ - 2025-01-04 10:08:21

Email sent successfully to atwerksum@gmail.com - https://pvamarkets.com/item/ig-accounts-registered-in-2014-email-included-outlook-com-hotmail-com-native-the-profiles-information-is-partially-filled-registered-from-different-countries-ips/ - 2025-01-04 10:08:25

Email sent successfully to r.vasilica98@gmail.com - https://pvamarkets.com/item/ig-accounts-registered-in-2014-email-included-outlook-com-hotmail-com-native-the-profiles-information-is-partially-filled-registered-from-different-countries-ips/ - 2025-01-04 10:08:30

Email sent successfully to Kr1s1337@yandex.com - https://pvamarkets.com/item/ig-accounts-registered-in-2014-email-included-outlook-com-hotmail-com-native-the-profiles-information-is-partially-filled-registered-from-different-countries-ips/ - 2025-01-04 10:08:34

Email sent successfully to mastontrammel@gmail.com - https://pvamarkets.com/item/ig-accounts-registered-in-2014-email-included-outlook-com-hotmail-com-native-the-profiles-information-is-partially-filled-registered-from-different-countries-ips/ - 2025-01-04 10:08:38

Email sent successfully to successfuldestinydc@GMAIL.COM - https://pvamarkets.com/item/ig-accounts-registered-in-2014-email-included-outlook-com-hotmail-com-native-the-profiles-information-is-partially-filled-registered-from-different-countries-ips/ - 2025-01-04 10:08:42

Email sent successfully to xvrppbbacac@yahoo.com - https://pvamarkets.com/item/ig-accounts-registered-in-2014-email-included-outlook-com-hotmail-com-native-the-profiles-information-is-partially-filled-registered-from-different-countries-ips/ - 2025-01-04 10:08:46

Email sent successfully to fellipesantanaf36@gmail.com - https://pvamarkets.com/item/ig-accounts-registered-in-2014-email-included-outlook-com-hotmail-com-native-the-profiles-information-is-partially-filled-registered-from-different-countries-ips/ - 2025-01-04 10:08:50

